subspecies,ID_Num,latitude,longitude
hyemalis,1270,36.1065,-82.1106
caniceps,13878,40.66664,-106.33392
caniceps,13879,40.66664,-106.33392
oreganus,14453,49.0409,-114.0323
oreganus,14453,49.0409,-114.0323
oreganus,14482,37.8328,-119.4909
oreganus,14482,37.8328,-119.4909
oreganus,14482,37.8328,-119.4909
hyemalis,15218,44.543816,-72.814258
hyemalis,15219,42.480179,-76.451104
hyemalis,15220,43.973126,-73.832108
hyemalis,15221,44.274408,-73.976512
hyemalis,15222,44.543816,-72.814258
hyemalis,15223,44.779883,-68.368404
hyemalis,15224,46.380172,-83.359241
hyemalis,15225,48.315077,-79.879293
hyemalis,15227,51.278821,-80.649262
hyemalis,15228,47.981821,-77.420178
hyemalis,15229,35.612096,-83.489556
hyemalis,15231,35.612096,-83.489556
hyemalis,15232,64.8666667,-147.8666667
hyemalis,15233,60.5833333,-137.2333333
hyemalis,15234,60.5833333,-137.2333333
hyemalis,15235,61.8333333,-145.1666667
aikeni,15237,44.328151,-103.98815
aikeni,15238,44.328151,-103.98815
aikeni,15239,44.328151,-103.98815
dorsalis,15240,33.13228,-106.029927
oreganus,15244,46.86583,-117.167208
oreganus,15245,37.931832,-119.185775
oreganus,15248,36.028212,-121.506456
oreganus,15249,37.864775,-119.537913
oreganus,15250,36.51455,-121.943334
hyemalis,20829,35.5778,-83.4798
hyemalis,20829,35.5778,-83.4798
hyemalis,20829,35.5778,-83.4798
hyemalis,20830,35.5778,-83.4798
oreganus,22066,37.8328,-119.4909
oreganus,22066,37.8328,-119.4909
oreganus,22066,37.8328,-119.4909
oreganus,23007,39.409381,-123.352378
hyemalis,26764,36.107098,-82.110165
hyemalis,27112,42.302488,-76.725205
hyemalis,30894,42.926012,-83.19191
hyemalis,31262,44.5598,-84.0578
oreganus,35301,47.7839,-122.2739
hyemalis,36934,42.362092,-76.679595
hyemalis,38508,42.2666667,-76.65
hyemalis,38510,42.2666667,-76.65
oreganus,42250,43.296121,-124.334697
oreganus,44381,39.66765,-120.4262167
oreganus,44556,39.66765,-120.4262167
oreganus,44603,39.324005,-120.598891
oreganus,44616,39.321516,-120.599116
oreganus,44616,39.321516,-120.599116
oreganus,44616,39.321516,-120.599116
oreganus,44910,42.865804,-123.910508
oreganus,45292,48.1,-124.35
hyemalis,45832,43.92756,-69.252793
oreganus,47708,46.1666667,-118.1166667
oreganus,48888,39.57323,-120.518542
oreganus,49002,39.601261,-120.495207
oreganus,49076,40.724319,-122.236008
hyemalis,49608,42.25,-76.6666667
hyemalis,49609,42.25,-76.6666667
hyemalis,49613,42.25,-76.6666667
oreganus,50336,42.865804,-123.910508
hyemalis,51209,64.4333333,-148.2
hyemalis,52403,35.6301,-83.4489
hyemalis,52403,35.6301,-83.4489
caniceps,52404,38.8698,-106.9859
caniceps,52405,39.1878,-108.3078
oreganus,58546,36.555,-118.751
oreganus,58547,36.555,-118.751
oreganus,58547,36.555,-118.751
oreganus,58547,36.555,-118.751
oreganus,59030,40.321,-121.427
oreganus,59030,40.321,-121.427
oreganus,59030,40.321,-121.427
oreganus,59841,49.185727,-120.93525
hyemalis,59843,48.733023,-80.998502
hyemalis,59844,50.653524,-99.989308
hyemalis,59845,47.231601,-71.222596
hyemalis,59847,48.885036,-64.250415
hyemalis,59848,48.528857,-64.228491
hyemalis,59849,51.30158,-80.692519
hyemalis,59850,51.30158,-80.692519
hyemalis,59851,50.248565,-99.836515
hyemalis,59851,50.248565,-99.836515
hyemalis,59852,44.366064,-73.902646
hyemalis,59853,44.366064,-73.902646
hyemalis,59854,44.366064,-73.902646
hyemalis,59856,64.524403,-147.682624
hyemalis,67153,63.673,-151.112
hyemalis,67164,40.8208,-74.2017
oreganus,71985,31.014,-115.463
oreganus,71985,31.014,-115.463
oreganus,71988,31.014,-115.463
oreganus,71988,31.014,-115.463
oreganus,71988,31.014,-115.463
oreganus,71990,30.98,-115.504
oreganus,71990,30.98,-115.504
oreganus,71990,30.98,-115.504
oreganus,71991,30.98,-115.504
oreganus,71997,30.98,-115.504
oreganus,71997,30.98,-115.504
oreganus,71997,30.98,-115.504
oreganus,71998,31.014,-115.463
oreganus,71998,31.014,-115.463
oreganus,71998,31.014,-115.463
oreganus,72007,30.98,-115.504
oreganus,72007,30.98,-115.504
oreganus,72010,30.98,-115.504
oreganus,72010,30.98,-115.504
oreganus,72010,30.98,-115.504
oreganus,72011,30.98,-115.504
oreganus,72011,30.98,-115.504
oreganus,72011,30.98,-115.504
oreganus,72013,30.98,-115.504
oreganus,72013,30.98,-115.504
hyemalis,72921,40.1226,-75.0634
hyemalis,74728,42.3525,-76.6847
oreganus,76515,47.7839,-122.2739
dorsalis,76620,35.253,-112.182
dorsalis,76621,35.253,-112.182
dorsalis,76622,35.253,-112.182
hyemalis,79073,35.3378,-84.0301
hyemalis,79073,35.3378,-84.0301
hyemalis,79073,35.3378,-84.0301
hyemalis,79074,35.307,-83.9928
hyemalis,79074,35.307,-83.9928
hyemalis,79074,35.307,-83.9928
hyemalis,79075,35.307,-83.9928
hyemalis,79076,35.307,-83.9928
hyemalis,79076,35.307,-83.9928
hyemalis,79076,35.307,-83.9928
hyemalis,79472,35.4833333,-83.1333333
hyemalis,79618,44.9398,-70.5198
hyemalis,82052,61.3322,-149.653
oreganus,82346,39.01,-121
oreganus,82348,39.35,-120.07
hyemalis,85233,44.295565,-71.4575243
hyemalis,85234,44.2960872,-71.457181
hyemalis,85235,44.2958414,-71.4573097
hyemalis,85240,44.2666667,-71.475
hyemalis,85241,44.2666667,-71.475
hyemalis,85243,44.2666667,-71.475
hyemalis,87419,42.354488,-76.692551
hyemalis,94223,39.4178615,-77.206979
hyemalis,94360,43.7358095,-74.5153606
hyemalis,94361,43.7358,-74.5154
hyemalis,96803,44.942,-93.259
hyemalis,97210,44.942,-93.259
oreganus,99343,40.0166667,-121
oreganus,99347,39.5833333,-120.1166667
hyemalis,99379,47.0655,-71.4145
oreganus,99383,39.6,-120.6666667
hyemalis,100904,46.7333333,-60.8
hyemalis,103277,35.3378,-84.0301
aikeni,104511,43.719,-103.4808
aikeni,104584,44.256,-103.822
aikeni,104585,44.256,-103.822
caniceps,105302,40.140927,-105.547514
hyemalis,105480,35.831349,-82.765341
hyemalis,105481,35.831349,-82.765341
hyemalis,105782,58.726413,-94.11058
hyemalis,105786,58.726413,-94.11058
hyemalis,105793,58.726413,-94.11058
hyemalis,105801,58.726413,-94.11058
hyemalis,105801,58.726413,-94.11058
hyemalis,106782,42.1666667,-74.2
hyemalis,106789,42.15,-74.1822222
hyemalis,106908,43.6083333,-74.95
hyemalis,106916,42.25,-76.65
hyemalis,106922,42.25,-76.65
hyemalis,106952,43.6577778,-74.8797222
hyemalis,107262,39.4166667,-77.2083333
oreganus,107854,47.299,-120.629
oreganus,107854,47.299,-120.629
oreganus,107854,47.299,-120.629
oreganus,110985,37.173211,-122.246546
oreganus,110986,37.173211,-122.246546
oreganus,110987,37.173211,-122.246546
unknown,111224,31.9059714,-109.15433
unknown,111224,31.9059714,-109.15433
unknown,111224,31.9059714,-109.15433
caniceps,111228,31.905971,-109.154328
mearnsi,111872,45.637801,-110.154844
hyemalis,112096,42.2633333,-76.6266667
hyemalis,112102,42.2633333,-76.6266667
hyemalis,112102,42.2633333,-76.6266667
hyemalis,112102,42.2633333,-76.6266667
hyemalis,112140,44.68,-67.415
hyemalis,112144,44.68,-67.415
hyemalis,112147,44.68,-67.415
hyemalis,112174,44.8516667,-67.185
oreganus,113826,39.698,-120.453
oreganus,113826,39.698,-120.453
oreganus,113826,39.698,-120.453
oreganus,118678,41.285622,-123.571769
oreganus,118692,41.285622,-123.571769
hyemalis,118730,61.28511,-149.75169
oreganus,120429,39.617617,-120.489956
oreganus,125069,35.5315,-115.5875
oreganus,125069,35.5315,-115.5875
oreganus,125069,35.5315,-115.5875
oreganus,125070,35.5315,-115.5875
oreganus,125070,35.5315,-115.5875
oreganus,125070,35.5315,-115.5875
oreganus,125071,34.186,-116.9004
oreganus,125071,34.186,-116.9004
oreganus,125071,34.186,-116.9004
oreganus,125072,36.548,-117.4878
oreganus,125072,36.548,-117.4878
oreganus,125072,36.548,-117.4878
oreganus,125073,37.6665,-119.6228
oreganus,125073,37.6665,-119.6228
oreganus,125073,37.6665,-119.6228
oreganus,125074,37.8762,-119.3527
oreganus,125074,37.8762,-119.3527
oreganus,125074,37.8762,-119.3527
oreganus,125075,37.3851,-118.1804
oreganus,125075,37.3851,-118.1804
oreganus,125075,37.3851,-118.1804
oreganus,125076,37.5307,-118.1639
oreganus,125076,37.5307,-118.1639
oreganus,125076,37.5307,-118.1639
oreganus,125077,36.1916,-117.0854
oreganus,125077,36.1916,-117.0854
oreganus,125077,36.1916,-117.0854
oreganus,125078,36.548,-117.4878
oreganus,125078,36.548,-117.4878
oreganus,125078,36.548,-117.4878
oreganus,125080,36.548,-117.4878
oreganus,125080,36.548,-117.4878
oreganus,125080,36.548,-117.4878
oreganus,125081,32.9823,-116.6008
oreganus,125081,32.9823,-116.6008
oreganus,125081,32.9823,-116.6008
oreganus,125299,37.173211,-122.246546
oreganus,125725,34.186,-116.9004
oreganus,125725,34.186,-116.9004
oreganus,125725,34.186,-116.9004
oreganus,126436,37.173211,-122.246546
oreganus,126556,38.016506,-122.548299
oreganus,126556,38.016506,-122.548299
oreganus,126556,38.016506,-122.548299
oreganus,129077,35.329,-120.4782
oreganus,129077,35.329,-120.4782
oreganus,129077,35.329,-120.4782
hyemalis,130810,65.8808167,-149.72065
hyemalis,130813,65.9386667,-149.8727167
hyemalis,130815,65.9386667,-149.8727167
hyemalis,132170,66.9306333,-149.8461333
hyemalis,132191,63.8820667,-145.0286333
hyemalis,132207,67.4916667,-149.8716667
hyemalis,132234,63.6497667,-145.88785
hyemalis,132237,63.6497667,-145.88785
hyemalis,133125,42.3743167,-76.6561
hyemalis,133140,42.3743167,-76.6561
hyemalis,134508,45.4596,-70.741
hyemalis,134508,45.4596,-70.741
hyemalis,134508,45.4596,-70.741
hyemalis,135546,36.1065,-82.1106
hyemalis,135546,36.1065,-82.1106
hyemalis,136380,64.4359667,-165.01075
hyemalis,136510,42.3743167,-76.6561
hyemalis,138202,64.813095,-148.242006
mearnsi,138522,44.951091,-110.720092
mearnsi,138704,46.0107,-112.8177
mearnsi,138704,46.0107,-112.8177
mearnsi,138704,46.0107,-112.8177
hyemalis,139056,35.5727,-83.4804
hyemalis,139056,35.5727,-83.4804
hyemalis,139056,35.5727,-83.4804
hyemalis,139495,42.4236244,-76.3329649
hyemalis,139495,42.4236244,-76.3329649
hyemalis,139495,42.4236244,-76.3329649
hyemalis,139623,35.6151,-83.4151
hyemalis,139623,35.6151,-83.4151
hyemalis,139623,35.6151,-83.4151
oreganus,141626,39.7166667,-120.4666667
oreganus,141628,39.7166667,-120.4666667
hyemalis,142588,46.8036,-89.7656
hyemalis,142589,46.8036,-89.7656
caniceps,146274,40.8483333,-105.625
caniceps,146289,40.8483333,-105.625
dorsalis,146607,35.1592,-111.6557
hyemalis,149906,41.1987,-73.8832
hyemalis,152586,42.9116,-88.4771
hyemalis,152586,42.9116,-88.4771
hyemalis,152586,42.9116,-88.4771
hyemalis,153395,41.1987,-73.8832
hyemalis,157670,62.703,-150.908
hyemalis,157670,62.703,-150.908
hyemalis,157670,62.703,-150.908
hyemalis,163391,42.322925,-76.334396
hyemalis,165249,42.6240097,-73.183751
hyemalis,167396,42.3339137,-76.3400573
caniceps,167551,40.071967,-105.517583
hyemalis,169037,44.50867,-74.43751
dorsalis,169518,34.6208,-112.5566
dorsalis,169519,34.6208,-112.5566
oreganus,169594,34.218,-117.698
oreganus,169594,34.218,-117.698
oreganus,169733,39.7008999,-120.4395425
oreganus,169733,39.7008999,-120.4395425
hyemalis,171280,40.7582,-73.6469
hyemalis,171280,40.7582,-73.6469
hyemalis,171280,40.7582,-73.6469
mearnsi,172141,43.8838889,-110.6338889
mearnsi,172148,43.8838889,-110.6338889
mearnsi,172157,43.8838889,-110.6336111
mearnsi,172169,43.8838889,-110.6336111
mearnsi,172186,44.3219444,-110.6102778
mearnsi,172192,44.3838889,-110.5358333
mearnsi,172193,44.3838889,-110.5358333
mearnsi,172193,44.3838889,-110.5358333
mearnsi,172193,44.3838889,-110.5358333
mearnsi,172197,44.7186111,-110.4844444
caniceps,172430,39.9581,-105.34
caniceps,172430,39.9581,-105.34
caniceps,172430,39.9581,-105.34
caniceps,172994,39.4025,-107.5255
caniceps,172994,39.4025,-107.5255
caniceps,172994,39.4025,-107.5255
hyemalis,174554,45.4083,-73.9331
hyemalis,174554,45.4083,-73.9331
hyemalis,174618,61.23902,-149.53915
hyemalis,174619,61.23902,-149.53915
hyemalis,174620,61.23806,-149.53696
hyemalis,174622,61.23863,-149.53572
hyemalis,174623,61.23863,-149.53572
hyemalis,177623,61.23863,-149.53572
hyemalis,177641,42.6652808,-76.3629627
hyemalis,177648,42.4284641,-76.3791203
hyemalis,177648,42.4284641,-76.3791203
hyemalis,177648,42.4284641,-76.3791203
oreganus,177875,39.704763,-120.4457223
oreganus,180038,39.6517939,-120.6005555
oreganus,181419,40.1009,-123.7957
oreganus,181471,38.0634,-119.2411
oreganus,181476,37.707283,-119.050858
hyemalis,183179,42.457717,-76.483553
oreganus,183582,48.4959,-123.4325
oreganus,183582,48.4959,-123.4325
oreganus,183582,48.4959,-123.4325
hyemalis,186312,47.677,-70.8267
hyemalis,186312,47.677,-70.8267
hyemalis,186312,47.677,-70.8267
oreganus,186494,37.959003,-119.154487
oreganus,186539,39.6421988,-120.5049992
hyemalis,186881,42.3406241,-76.337074
hyemalis,187312,44.2033041,-74.6619284
hyemalis,187312,44.2033041,-74.6619284
hyemalis,187351,42.3681202,-76.3816524
hyemalis,187351,42.3681202,-76.3816524
hyemalis,187352,42.3283089,-76.3382
oreganus,188355,52.7285,-117.6441
oreganus,188355,52.7285,-117.6441
oreganus,188356,52.7285,-117.6441
oreganus,188356,52.7285,-117.6441
oreganus,188356,52.7285,-117.6441
oreganus,188448,35.738,-118.5574
caniceps,188814,39.99733,-105.30316
hyemalis,190910,42.259721,-78.08965
caniceps,191709,39.043,-108.0676
caniceps,191716,39.043,-108.0676
caniceps,191737,40.3966,-105.5127
oreganus,192434,38.1394,-122.5931
oreganus,192451,38.4807,-122.145
oreganus,192494,38.1394,-122.5931
oreganus,192494,38.1394,-122.5931
oreganus,192496,38.1394,-122.5931
oreganus,192496,38.1394,-122.5931
oreganus,192496,38.1394,-122.5931
oreganus,193561,58.52276,-135.88806
oreganus,194989,59.40309,-135.93
oreganus,195416,56.0883,-129.3039
oreganus,195544,56.0883,-129.3039
hyemalis,195713,41.9989,-74.3874
oreganus,195781,53.9146,-121.9628
oreganus,195781,53.9146,-121.9628
oreganus,195781,53.9146,-121.9628
oreganus,195783,53.9146,-121.9628
oreganus,195783,53.9146,-121.9628
oreganus,195783,53.9146,-121.9628
oreganus,195804,53.0337,-119.2491
oreganus,195804,53.0337,-119.2491
oreganus,195804,53.0337,-119.2491
hyemalis,197108,48.4490162,-78.6998749
dorsalis,197963,32.4127189,-110.7305145
hyemalis,197983,42.335834,-76.3290596
hyemalis,198715,56.3854,-116.3349
hyemalis,198715,56.3854,-116.3349
hyemalis,198715,56.3854,-116.3349
hyemalis,199026,42.3180029,-76.478405
hyemalis,201153,42.3379912,-76.338501
hyemalis,201154,42.3379912,-76.338501
dorsalis,202851,35.894,-111.877
dorsalis,202885,34.412,-112.421
dorsalis,202886,34.412,-112.421
dorsalis,202887,34.475,-112.421
dorsalis,203606,34.475,-111.415
dorsalis,203607,34.475,-111.415
dorsalis,203608,34.475,-111.415
dorsalis,203624,33.918,-109.271
hyemalis,204590,42.4351,-76.305
caniceps,206096,37.7799,-108.0403
caniceps,206096,37.7799,-108.0403
caniceps,206096,37.7799,-108.0403
caniceps,206101,37.6994,-108.1782
caniceps,206101,37.6994,-108.1782
hyemalis,207795,63.7867,-151.6166
hyemalis,207795,63.7867,-151.6166
hyemalis,207795,63.7867,-151.6166
oreganus,210591,32.856,-116.43767
hyemalis,210605,42.32,-76.34016
hyemalis,210612,42.33405,-76.34016
hyemalis,213700,42.3238414,-76.3361835
hyemalis,213700,42.3238414,-76.3361835
hyemalis,213700,42.3238414,-76.3361835
oreganus,213749,34.346,-117.915
oreganus,213749,34.346,-117.915
oreganus,213749,34.346,-117.915
oreganus,213753,34.346,-117.915
oreganus,213753,34.346,-117.915
oreganus,213753,34.346,-117.915
oreganus,213755,34.346,-117.915
oreganus,213755,34.346,-117.915
oreganus,213755,34.346,-117.915
oreganus,213755,34.346,-117.915
mearnsi,214966,44.17,-107.252
mearnsi,214980,44.181,-107.259
mearnsi,214986,44.181,-107.259
mearnsi,214987,44.181,-107.259
hyemalis,216714,42.426647,-76.337689
hyemalis,216737,43.906664,-76.416082
hyemalis,216740,42.771084,-75.788776
hyemalis,216740,42.771084,-75.788776
hyemalis,216740,42.771084,-75.788776
hyemalis,216740,42.771084,-75.788776
hyemalis,216748,42.437166,-76.305802
hyemalis,216750,42.437166,-76.305802
hyemalis,216752,42.437166,-76.305802
hyemalis,216753,42.437166,-76.305802
hyemalis,216764,44.9291,-93.2602
oreganus,217648,39.6403,-120.6102
oreganus,217648,39.6403,-120.6102
oreganus,217655,42.32492,-76.3363
oreganus,217675,42.484284,-76.7923455
oreganus,217675,42.484284,-76.7923455
oreganus,219104,39.69796,-120.44998
oreganus,219104,39.69796,-120.44998
oreganus,219104,39.69796,-120.44998
oreganus,219106,42.484284,-76.7923455
oreganus,219107,39.69796,-120.44998
oreganus,219107,39.69796,-120.44998
oreganus,219142,39.65467,-120.5995
hyemalis,219663,42.32492,-76.3363
hyemalis,220783,42.484284,-76.7923455
hyemalis,220784,42.484,-76.7923
hyemalis,224735,49.03,-65.867
hyemalis,224735,49.03,-65.867
caniceps,224746,39.8299,-105.4185
caniceps,224746,39.8299,-105.4185
caniceps,224746,39.8299,-105.4185
caniceps,224747,39.8299,-105.4185
caniceps,224747,39.8299,-105.4185
caniceps,224747,39.8299,-105.4185
caniceps,224748,39.8299,-105.4185
caniceps,224748,39.8299,-105.4185
caniceps,224748,39.8299,-105.4185
oreganus,229574,39.75505,-120.47668
hyemalis,233299,42.7165,-76.7077
hyemalis,239179,62.0812,-145.436
dorsalis,247522,35.0913,-113.8886
dorsalis,247523,35.0913,-113.8886
hyemalis,247781,42.3097,-76.5008
oreganus,253373,34.3703,-118.444
caniceps,253589,40.0038,-105.3055
caniceps,253589,40.0038,-105.3055
caniceps,253589,40.0038,-105.3055
hyemalis,253841,62.3674,-143.3518
hyemalis,253841,62.3674,-143.3518
hyemalis,253841,62.3674,-143.3518
aikeni,254477,43.719,-103.4808
aikeni,254478,43.719,-103.4808
aikeni,254480,43.719,-103.4808
oreganus,256194,39.892,-120.4226
oreganus,256194,39.892,-120.4226
oreganus,256194,39.892,-120.4226
hyemalis,267990,63.4291,-152.4525
hyemalis,267990,63.4291,-152.4525
hyemalis,267990,63.4291,-152.4525
hyemalis,267998,63.5422,-150.9973
hyemalis,267998,63.5422,-150.9973
hyemalis,267998,63.5422,-150.9973
hyemalis,267999,63.5422,-150.9973
hyemalis,267999,63.5422,-150.9973
hyemalis,267999,63.5422,-150.9973
oreganus,269029,46.3086,-121.5431
oreganus,269029,46.3086,-121.5431
oreganus,269029,46.3086,-121.5431
hyemalis,269055,63.9716,-151.603
hyemalis,269055,63.9716,-151.603
hyemalis,269055,63.9716,-151.603
hyemalis,269060,63.9716,-151.603
hyemalis,269060,63.9716,-151.603
hyemalis,269060,63.9716,-151.603
oreganus,269107,46.3086,-121.5431
oreganus,269107,46.3086,-121.5431
oreganus,269107,46.3086,-121.5431
hyemalis,269460,62.3674,-143.3518
hyemalis,269460,62.3674,-143.3518
hyemalis,269460,62.3674,-143.3518
hyemalis,269461,62.3674,-143.3518
hyemalis,269461,62.3674,-143.3518
hyemalis,269461,62.3674,-143.3518
hyemalis,269462,62.3674,-143.3518
hyemalis,269462,62.3674,-143.3518
hyemalis,269462,62.3674,-143.3518
hyemalis,269463,62.3674,-143.3518
hyemalis,269463,62.3674,-143.3518
hyemalis,269463,62.3674,-143.3518
hyemalis,283613,61.124,-151.1033
hyemalis,283613,61.124,-151.1033
hyemalis,283613,61.124,-151.1033
dorsalis,289053,35.0913,-113.8886
dorsalis,289054,35.0913,-113.8886
oreganus,313196,37.8454,-121.9235
dorsalis,314047,34.2046,-110.104
oreganus,314957,37.0818,-119.3135
hyemalis,322995,63.8984,-149.0555
hyemalis,322995,63.8984,-149.0555
hyemalis,322995,63.8984,-149.0555
hyemalis,323024,64.8626,-147.8638
hyemalis,323024,64.8626,-147.8638
hyemalis,323024,64.8626,-147.8638
oreganus,323125,37.808,-122.2565
caniceps,323210,40.3991,-105.647
caniceps,323210,40.3991,-105.647
caniceps,323210,40.3991,-105.647
caniceps,323890,40.6214,-105.3383
oreganus,324192,46.3086,-121.5431
oreganus,324192,46.3086,-121.5431
oreganus,324192,46.3086,-121.5431
hyemalis,327747,41.5151,-75.5416
mearnsi,343275,46.9325,-110.7354
oreganus,348366,30.98,-115.504
oreganus,348366,30.98,-115.504
oreganus,348366,30.98,-115.504
oreganus,348367,31.014,-115.463
oreganus,348367,31.014,-115.463
oreganus,348367,31.014,-115.463
oreganus,348368,30.98,-115.504
oreganus,348368,30.98,-115.504
oreganus,348368,30.98,-115.504
oreganus,348369,31.014,-115.463
oreganus,348369,31.014,-115.463
oreganus,348370,30.98,-115.504
oreganus,348370,30.98,-115.504
oreganus,348370,30.98,-115.504
hyemalis,353496,63.6547,-148.8362
hyemalis,353583,63.7158,-148.9528
hyemalis,353695,63.7158,-148.9528
caniceps,362028,39.0042,-107.9433
oreganus,362348,32.7397,-117.1581
oreganus,362348,32.7397,-117.1581
oreganus,362348,32.7397,-117.1581
caniceps,363160,39.7021,-105.2908
caniceps,363160,39.7021,-105.2908
caniceps,363160,39.7021,-105.2908
hyemalis,363228,44.3706,-73.1244
oreganus,365749,35.1791,-120.5168
oreganus,365749,35.1791,-120.5168
oreganus,365749,35.1791,-120.5168
caniceps,368497,39.9396,-105.2601
caniceps,368497,39.9396,-105.2601
caniceps,368497,39.9396,-105.2601
mearnsi,371882,46.8417,-110.6954
mearnsi,371883,46.8417,-110.6954
oreganus,373781,35.3172,-120.8527
oreganus,373781,35.3172,-120.8527
oreganus,373781,35.3172,-120.8527
caniceps,379274,40.0812,-105.541
caniceps,379274,40.0812,-105.541
oreganus,381584,39.698,-120.453
oreganus,381584,39.698,-120.453
oreganus,381584,39.698,-120.453
oreganus,381586,39.698,-120.453
oreganus,381590,39.698,-120.453
oreganus,381590,39.698,-120.453
oreganus,381590,39.698,-120.453
oreganus,381592,39.698,-120.453
oreganus,381592,39.698,-120.453
oreganus,381592,39.698,-120.453
hyemalis,382749,44.834,-81.0495
hyemalis,382749,44.834,-81.0495
hyemalis,382749,44.834,-81.0495
oreganus,386253,48.7143,-114.1743
hyemalis,394524,47.3197,-71.1461
hyemalis,394524,47.3197,-71.1461
hyemalis,394524,47.3197,-71.1461
hyemalis,406329,61.2339,-149.2707
hyemalis,406329,61.2339,-149.2707
hyemalis,406329,61.2339,-149.2707
hyemalis,406330,61.2339,-149.2707
hyemalis,406330,61.2339,-149.2707
hyemalis,406330,61.2339,-149.2707
oreganus,408651,34.2449,-117.0605
oreganus,408652,34.2449,-117.0605
oreganus,408653,34.2449,-117.0605
oreganus,412626,35.4242,-120.7375
oreganus,413015,34.4565,-119.71
oreganus,413015,34.4565,-119.71
oreganus,413015,34.4565,-119.71
oreganus,415746,47.8787,-123.7743
hyemalis,421294,42.2771,-76.664
hyemalis,421294,42.2771,-76.664
hyemalis,421294,42.2771,-76.664
hyemalis,424298,57.1575,-111.5598
hyemalis,432600,62.5764,-138.1381
oreganus,444869,39.6413,-120.6066
hyemalis,445568,58.4628,-104.4353
aikeni,467319,43.8461,-103.5607
oreganus,468116,47.6926,-122.2936
oreganus,468116,47.6926,-122.2936
oreganus,468116,47.6926,-122.2936
unknown,474561,40.8918,-91.0756
oreganus,476732,48.4579,-123.3237
oreganus,476732,48.4579,-123.3237
oreganus,476732,48.4579,-123.3237
caniceps,481068,39.3346,-117.1631
oreganus,483708,38.7985,-120.3483
oreganus,487483,49.9993,-122.993
oreganus,487483,49.9993,-122.993
oreganus,487483,49.9993,-122.993
dorsalis,494258,34.429,-111.333
dorsalis,494258,34.429,-111.333
hyemalis,497023,58.4623,-104.4294
hyemalis,497023,58.4623,-104.4294
hyemalis,497023,58.4623,-104.4294
mearnsi,516117,44.17,-107.252
mearnsi,516126,44.17,-107.252
mearnsi,516134,44.181,-107.259
mearnsi,516135,44.181,-107.259
caniceps,516464,41.358,-106.235
caniceps,516479,41.358,-106.235
hyemalis,516671,61.1466,-149.678
oreganus,528022,38.109,-122.871
oreganus,528043,38.548,-122.534
oreganus,528047,38.744,-119.578
hyemalis,535123,67.13968,-150.87558
hyemalis,535123,67.13968,-150.87558
hyemalis,535123,67.13968,-150.87558
hyemalis,535124,67.13968,-150.87558
hyemalis,535124,67.13968,-150.87558
hyemalis,535124,67.13968,-150.87558
hyemalis,535125,67.12463,-154.33174
hyemalis,535125,67.12463,-154.33174
hyemalis,535125,67.12463,-154.33174
hyemalis,535126,67.12463,-154.33174
hyemalis,535126,67.12463,-154.33174
hyemalis,535126,67.12463,-154.33174
hyemalis,535127,67.12463,-154.33174
hyemalis,535127,67.12463,-154.33174
hyemalis,535127,67.12463,-154.33174
hyemalis,535128,67.12463,-154.33174
hyemalis,535128,67.12463,-154.33174
hyemalis,535128,67.12463,-154.33174
hyemalis,535129,67.12463,-154.33174
hyemalis,535129,67.12463,-154.33174
hyemalis,535130,67.12463,-154.33174
hyemalis,535130,67.12463,-154.33174
hyemalis,535130,67.12463,-154.33174
hyemalis,535131,67.12463,-154.33174
hyemalis,535131,67.12463,-154.33174
hyemalis,535131,67.12463,-154.33174
hyemalis,535132,66.94509,-155.63939
hyemalis,535132,66.94509,-155.63939
hyemalis,535132,66.94509,-155.63939
hyemalis,535133,66.94509,-155.63939
hyemalis,535133,66.94509,-155.63939
hyemalis,535133,66.94509,-155.63939
hyemalis,535134,66.9688,-154.70372
hyemalis,535134,66.9688,-154.70372
hyemalis,535134,66.9688,-154.70372
hyemalis,535135,66.9688,-154.70372
hyemalis,535135,66.9688,-154.70372
hyemalis,535135,66.9688,-154.70372
hyemalis,535136,67.20123,-154.53601
hyemalis,535136,67.20123,-154.53601
hyemalis,535136,67.20123,-154.53601
hyemalis,535137,67.20123,-154.53601
hyemalis,535137,67.20123,-154.53601
hyemalis,535137,67.20123,-154.53601
hyemalis,535138,67.20123,-154.53601
hyemalis,535138,67.20123,-154.53601
hyemalis,535138,67.20123,-154.53601
hyemalis,535140,67.20123,-154.53601
hyemalis,535140,67.20123,-154.53601
hyemalis,535140,67.20123,-154.53601
hyemalis,535141,58.60343,-155.84497
hyemalis,535141,58.60343,-155.84497
hyemalis,535141,58.60343,-155.84497
caniceps,538591,40.394,-105.6725
caniceps,538591,40.394,-105.6725
caniceps,538591,40.394,-105.6725
oreganus,539422,47.6747,-122.2536
oreganus,539422,47.6747,-122.2536
oreganus,539422,47.6747,-122.2536
hyemalis,539451,39.5752,-78.0568
hyemalis,539596,39.5752,-78.0568
hyemalis,539610,39.5751881,-78.0568421
hyemalis,539616,39.5752,-78.0568
oreganus,539776,39.6413,-120.6088
oreganus,539777,39.6413,-120.6088
oreganus,539784,39.6192,-120.2688
oreganus,550080,47.7022,-122.3088
dorsalis,553317,35.0913,-113.8886
dorsalis,553357,35.0913,-113.8886
caniceps,554463,36.4216,-112.0769
caniceps,554463,36.4216,-112.0769
caniceps,554463,36.4216,-112.0769
dorsalis,563632,34.1093,-109.5763
hyemalis,563730,42.3998,-76.2452
hyemalis,563730,42.3998,-76.2452
hyemalis,563732,42.3998,-76.2452
hyemalis,563732,42.3998,-76.2452
hyemalis,563732,42.3998,-76.2452
hyemalis,567901,42.3149,-76.4951
hyemalis,567901,42.3149,-76.4951
hyemalis,567901,42.3149,-76.4951
hyemalis,567924,42.3398,-76.6765
hyemalis,569535,48.5025,-54.2005
hyemalis,569535,48.5025,-54.2005
oreganus,570869,36.9935,-121.9895
oreganus,570869,36.9935,-121.9895
caniceps,571052,39.0108,-114.3025
caniceps,571053,39.0108,-114.3025
caniceps,571054,39.0058,-114.3098
caniceps,571055,39.0058,-114.3098
caniceps,571056,40.6894,-110.9078
caniceps,571057,40.5788,-111.0498
caniceps,571058,40.603,-115.3771
caniceps,571059,40.603,-115.3771
dorsalis,571062,35.1592,-111.6557
oreganus,571074,32.8547,-116.4201
oreganus,571074,32.8547,-116.4201
oreganus,571074,32.8547,-116.4201
oreganus,572846,39.3025,-119.833
oreganus,572846,39.3025,-119.833
oreganus,572846,39.3025,-119.833
dorsalis,577486,35.4018,-111.7567
dorsalis,577486,35.4018,-111.7567
dorsalis,577486,35.4018,-111.7567
oreganus,578504,41.6896,-118.743
oreganus,578504,41.6896,-118.743
oreganus,578504,41.6896,-118.743
oreganus,582530,47.7564,-123.0944
oreganus,582530,47.7564,-123.0944
oreganus,582530,47.7564,-123.0944
oreganus,598456,49.0561,-119.5552
oreganus,598456,49.0561,-119.5552
oreganus,598456,49.0561,-119.5552
hyemalis,600767,42.7134,-71.6445
hyemalis,600767,42.7134,-71.6445
hyemalis,600767,42.7134,-71.6445
hyemalis,600769,42.8499,-71.8871
hyemalis,600769,42.8499,-71.8871
hyemalis,600769,42.8499,-71.8871
hyemalis,600770,42.8628,-72.0967
hyemalis,600770,42.8628,-72.0967
hyemalis,600770,42.8628,-72.0967
hyemalis,600771,42.7463,-71.7074
hyemalis,600771,42.7463,-71.7074
hyemalis,600771,42.7463,-71.7074
dorsalis,605843,33.5749,-109.3347
dorsalis,605843,33.5749,-109.3347
dorsalis,605843,33.5749,-109.3347
dorsalis,605846,33.639,-109.3221
dorsalis,605846,33.639,-109.3221
dorsalis,605846,33.639,-109.3221
caniceps,612862,40.5114,-106.0103
caniceps,612862,40.5114,-106.0103
caniceps,612862,40.5114,-106.0103
dorsalis,628046,32.7584,-105.7276
dorsalis,628046,32.7584,-105.7276
dorsalis,628046,32.7584,-105.7276
dorsalis,628047,32.7584,-105.7276
dorsalis,628047,32.7584,-105.7276
dorsalis,628047,32.7584,-105.7276
dorsalis,628049,32.7584,-105.7276
dorsalis,628049,32.7584,-105.7276
dorsalis,628049,32.7584,-105.7276
dorsalis,628050,32.7584,-105.7276
dorsalis,628051,32.7584,-105.7276
dorsalis,628051,32.7584,-105.7276
dorsalis,628051,32.7584,-105.7276
dorsalis,628052,32.7584,-105.7276
dorsalis,628052,32.7584,-105.7276
dorsalis,628052,32.7584,-105.7276
dorsalis,628054,32.7234,-105.7136
dorsalis,628054,32.7234,-105.7136
dorsalis,628054,32.7234,-105.7136
dorsalis,628055,32.7234,-105.7136
dorsalis,628055,32.7234,-105.7136
dorsalis,628055,32.7234,-105.7136
dorsalis,628059,33.639,-109.3221
dorsalis,628059,33.639,-109.3221
dorsalis,628059,33.639,-109.3221
dorsalis,628060,33.5212,-109.307
dorsalis,628060,33.5212,-109.307
dorsalis,628060,33.5212,-109.307
oreganus,629933,45.7017,-123.9284
oreganus,629933,45.7017,-123.9284
hyemalis,632617,40.6175,-75.3697
hyemalis,632617,40.6175,-75.3697
hyemalis,634303,40.125,-75.0701
hyemalis,634303,40.125,-75.0701
hyemalis,634303,40.125,-75.0701
hyemalis,636026,40.6082,-74.2776
hyemalis,636026,40.6082,-74.2776
hyemalis,636426,43.6701,-79.4243
hyemalis,636426,43.6701,-79.4243
hyemalis,636426,43.6701,-79.4243
hyemalis,638299,42.7134,-71.6445
hyemalis,638299,42.7134,-71.6445
hyemalis,638299,42.7134,-71.6445
hyemalis,638300,42.7134,-71.6445
hyemalis,638300,42.7134,-71.6445
hyemalis,638300,42.7134,-71.6445
oreganus,648078,48.4147,-123.3264
oreganus,648078,48.4147,-123.3264
oreganus,649306,48.4893,-123.4469
oreganus,649306,48.4893,-123.4469
oreganus,649306,48.4893,-123.4469
hyemalis,652402,47.5333,-52.6961
hyemalis,652402,47.5333,-52.6961
hyemalis,652402,47.5333,-52.6961
oreganus,653062,43.1656,-124.01
oreganus,653062,43.1656,-124.01
oreganus,653062,43.1656,-124.01
oreganus,653063,43.1656,-124.01
oreganus,653063,43.1656,-124.01
oreganus,653063,43.1656,-124.01
oreganus,657207,45.5575,-122.6912
oreganus,657207,45.5575,-122.6912
oreganus,657207,45.5575,-122.6912
oreganus,657208,45.5575,-122.6912
oreganus,657208,45.5575,-122.6912
oreganus,657208,45.5575,-122.6912
oreganus,660255,41.5623,-120.2538
oreganus,660255,41.5623,-120.2538
oreganus,660255,41.5623,-120.2538
hyemalis,660594,46.882,-96.7745
hyemalis,660594,46.882,-96.7745
hyemalis,660594,46.882,-96.7745
oreganus,662858,39.0853,-119.8886
oreganus,662858,39.0853,-119.8886
oreganus,662858,39.0853,-119.8886
oreganus,663743,47.6776,-122.2914
oreganus,663743,47.6776,-122.2914
oreganus,663743,47.6776,-122.2914
oreganus,667170,39.0853,-119.8886
oreganus,667170,39.0853,-119.8886
oreganus,667170,39.0853,-119.8886
dorsalis,20660551,31.9331228,-104.8464882
dorsalis,20660551,31.9331228,-104.8464882
dorsalis,20660551,31.9331228,-104.8464882
hyemalis,22260381,42.7757,-76.2673
hyemalis,23537251,42.7238,-76.9297
hyemalis,25398561,42.4697,-76.4543
hyemalis,25494291,42.46984,-76.44996
oreganus,25925751,36.481,-121.7281
hyemalis,26597051,42.3432808,-76.268302
hyemalis,27063771,42.4259,-76.3358
hyemalis,27064181,42.4259,-76.3358
hyemalis,27146261,42.4259,-76.3358
hyemalis,27344101,42.353,-76.6787
hyemalis,27442121,42.4696,-76.4503
hyemalis,27610881,42.3787902,-76.986772
hyemalis,27610931,42.3788,-76.9868
hyemalis,27611071,42.3857,-77.0219
hyemalis,27611141,42.3859,-77.0187
hyemalis,27744181,42.328,-77.0809
hyemalis,27745401,42.4471,-76.8175
hyemalis,27745521,42.4494726,-76.816472
hyemalis,28033581,42.3338153,-76.340067
hyemalis,28033611,42.3338,-76.3401
hyemalis,28253801,42.3971,-75.9642
hyemalis,29211301,42.4371,-76.3055
hyemalis,29488741,44.3094,-73.9368
hyemalis,29666181,42.7729,-75.9986
hyemalis,29697251,42.3432727,-76.299486
hyemalis,29804251,44.5282,-72.8161
hyemalis,29804261,44.5282,-72.8161
hyemalis,29804331,44.5282,-72.8161
hyemalis,29915971,36.914148,-82.893945
oreganus,30565061,51.68589,-120.01772
oreganus,30895211,39.698,-120.45
hyemalis,30926401,42.4712,-76.4592
hyemalis,30946091,42.3954,-76.7769
hyemalis,31021001,42.4371,-76.3055
hyemalis,31021011,42.4371,-76.3055
hyemalis,31258681,42.6111,-75.9805
hyemalis,31258681,42.6111,-75.9805
hyemalis,31258771,42.6111275,-75.980501
hyemalis,31407081,42.6665,-76.3178
hyemalis,31407681,41.4990237,-75.539669
hyemalis,31509511,43.4078963,-72.749385
hyemalis,31844761,35.7649006,-82.2697449
oreganus,33745171,48.0059,-114.034
hyemalis,38035931,40.5319,-79.7945
hyemalis,39168421,42.4922,-83.379
hyemalis,43980451,42.3338,-76.3401
oreganus,47853201,32.8629,-116.462
oreganus,47853301,32.8629,-116.462
mearnsi,48091221,39.577396,-105.1634744
hyemalis,48237521,55.5055,-114.039
oreganus,48237981,51.0097,-118.223
hyemalis,48762441,43.0859,-72.9255
hyemalis,49035841,55.505543,-114.03928
oreganus,49193871,40.1069294,-105.20539
oreganus,49680371,39.6194,-120.276
mearnsi,50371711,39.577396,-105.16347
mearnsi,50375811,39.577396,-105.1634744
hyemalis,51890661,39.0132,-75.4835
hyemalis,52709171,42.9661464,-81.2579459
hyemalis,52835391,42.4796874,-76.450983
oreganus,52970141,45.487,-122.503
hyemalis,53901121,39.8972894,-74.222263
hyemalis,54293531,42.4677,-76.4561
hyemalis,54396921,43.4765,-72.6955
oreganus,54567281,42.6166545,-123.08247
oreganus,54608211,35.4272,-120.749
hyemalis,54615451,43.812,-73.4951
hyemalis,54633091,43.812,-73.4951
hyemalis,54802021,43.0676807,-89.4847289
hyemalis,54840221,42.3217,-76.4747
hyemalis,55461131,42.4259,-76.3358
hyemalis,55596051,42.1668866,-76.160842
oreganus,56374141,48.0939,-122.7226
oreganus,56608441,47.6815336,-122.25055
oreganus,57123641,33.6329872,-117.80554
hyemalis,57536441,42.4259,-76.3358
hyemalis,57619721,42.4546,-72.7858
oreganus,57706471,51.68589,-120.01772
hyemalis,57740811,40.8884,-78.0236
hyemalis,57752941,42.4259195,-76.335754
oreganus,58169481,51.684564,-120.01571
caniceps,58914491,39.504,-105.2601
hyemalis,59067121,35.7588,-82.3353
hyemalis,59463741,35.4028,-82.7565
hyemalis,59567661,43.871,-72.8393
hyemalis,59873141,42.4371,-76.3057
hyemalis,60016411,42.3465,-76.7309
hyemalis,60154961,44.3649595,-83.5638373
hyemalis,60155461,44.3649595,-83.5638373
hyemalis,60388191,42.24,-72.6513
hyemalis,60388191,42.24,-72.6513
hyemalis,60838871,41.479559,-77.514484
hyemalis,61003551,42.3338,-76.3401
hyemalis,61005561,42.3338,-76.3401
hyemalis,61074481,42.3338153,-76.340067
hyemalis,61076581,42.3217,-76.4747
hyemalis,61076601,42.3217195,-76.474669
hyemalis,61079051,42.3217,-76.4747
hyemalis,61105261,42.3217,-76.4747
oreganus,61105811,37.793,-122.4556
hyemalis,61105961,42.3217,-76.4747
hyemalis,61155041,42.3217195,-76.474669
hyemalis,61155141,42.3338,-76.3401
hyemalis,61164881,42.3338,-76.3401
hyemalis,61168131,42.3473,-76.3669
hyemalis,61168961,42.3473,-76.3669
hyemalis,61170861,42.3338153,-76.340067
hyemalis,61208211,42.3473,-76.3669
hyemalis,61241721,42.3473,-76.3669
hyemalis,61249051,42.4523,-76.4898
caniceps,61573571,39.5676292,-105.18298
oreganus,61834721,51.6859,-120.0177
hyemalis,61914231,42.24,-72.6513
hyemalis,61914231,42.24,-72.6513
hyemalis,61914261,42.24,-72.6513
hyemalis,61914261,42.24,-72.6513
caniceps,62026431,40.6557,-111.634
hyemalis,62065431,42.4370524,-76.30545
hyemalis,62099191,44.3649595,-83.563837
hyemalis,62380891,42.3217,-76.4747
hyemalis,62590001,42.535,-76.3148
oreganus,62694621,33.3406392,-116.90157
hyemalis,62705011,44.3649595,-83.563837
hyemalis,62705151,44.3649595,-83.563837
hyemalis,62806641,47.6201,-70.1442
hyemalis,62904041,44.6378,-84.3134
caniceps,63013311,40.0775,-105.5733
hyemalis,63042251,38.4572,-78.4626
hyemalis,63046511,38.531,-78.4407
hyemalis,63110671,42.4371,-76.3055
hyemalis,63126921,35.4998102,-82.63916
caniceps,63132981,40.5727,-111.6194
hyemalis,63499221,43.871,-72.8393
oreganus,63822971,45.5447039,-123.38259
hyemalis,63838041,42.4371,-76.3055
hyemalis,64232561,61.2008,-149.844
hyemalis,64248611,43.8762,-73.6214
hyemalis,64248641,43.8762,-73.6214
hyemalis,64248701,43.8762,-73.6214
caniceps,64368171,39.855996,-105.44492
hyemalis,64820081,61.3091,-149.778
hyemalis,64821071,61.2861,-149.7
hyemalis,64853671,45.3782,-69.4297
oreganus,65154251,33.343,-116.878
caniceps,65166991,42.1714,-114.2794
oreganus,65439911,39.6421988,-120.505
oreganus,65535111,39.6547,-120.6055
mearnsi,65635051,43.9059306,-110.55549
mearnsi,66043701,43.8892,-110.531
oreganus,66613111,32.5543,-117.086
oreganus,66622601,47.7588528,-114.26861
oreganus,67367951,39.698,-120.45
oreganus,67374371,39.6546667,-120.5995
oreganus,67462331,39.6169,-120.489
aikeni,67531611,43.8463267,-103.55969
oreganus,67636241,37.9817,-122.6201
caniceps,67963361,35.6564,-105.7589
caniceps,67963791,35.6564,-105.7589
oreganus,67992021,38.0311,-122.7336
oreganus,68400821,32.9832,-116.57
dorsalis,69138931,33.8573748,-109.27598
hyemalis,70933691,37.5076,-79.5236
hyemalis,71773851,37.5076,-79.5236
hyemalis,71773861,37.5076,-79.5236
hyemalis,72187701,42.3525,-76.6847
oreganus,75254271,39.6421988,-120.505
oreganus,75262191,39.6422,-120.505
oreganus,75262561,39.6422,-120.505
oreganus,75262731,39.6422,-120.505
oreganus,75262991,39.6422,-120.505
oreganus,75285041,39.6403,-120.6102
oreganus,75286001,39.6403,-120.6102
mearnsi,79025491,46.0109,-112.8182
hyemalis,79032131,61.1453,-151.0779
hyemalis,79703931,66.2573,-146.088
hyemalis,79705631,66.2621,-146.1
hyemalis,79710491,64.7567,-157.002
hyemalis,80472671,61.2455,-149.649
hyemalis,80545841,61.2455,-149.649
hyemalis,80546051,61.3322,-149.653
oreganus,84710781,34.4200447,-119.65594
hyemalis,85286591,42.4370524,-76.30545
hyemalis,86913551,43.2352297,-77.2896552
hyemalis,87937501,42.4259,-76.3358
hyemalis,87937531,42.4259,-76.3358
hyemalis,87937541,42.4259,-76.3358
hyemalis,88873411,41.2456,-80.4806
hyemalis,89289241,40.7692,-74.4561
oreganus,89322851,37.7479,-122.443
oreganus,89651381,44.5411548,-123.36187
oreganus,89755961,44.0601,-121.2832
caniceps,90326201,38.2564,-104.737
hyemalis,90484051,45.3567,-72.2618
oreganus,90930051,34.1731808,-118.23001
hyemalis,90968841,44.3388,-68.0465
hyemalis,91359911,42.438,-76.398
hyemalis,91533281,45.3565,-72.2602
hyemalis,91533351,45.3565,-72.2602
hyemalis,91616551,48.969,-65.992
oreganus,91835111,36.4777,-121.1852
hyemalis,92179811,42.7228,-73.4349
hyemalis,92179811,42.7228,-73.4349
hyemalis,92179831,42.7228,-73.4349
hyemalis,92179831,42.7228,-73.4349
hyemalis,92179881,42.7228,-73.4349
hyemalis,92179881,42.7228,-73.4349
oreganus,92305901,47.6582,-122.406
hyemalis,92606861,42.3945267,-72.520795
hyemalis,92606861,42.3945267,-72.520795
oreganus,92879511,48.4926,-123.345
hyemalis,93135271,41.4039973,-93.080216
hyemalis,93405341,43.0426,-81.1854
hyemalis,93464681,43.6394605,-72.479467
oreganus,93676301,45.5114597,-122.59403
hyemalis,93720961,42.4259,-76.3358
hyemalis,93804871,42.472,-76.4598
hyemalis,93806251,42.645113,-85.365418
hyemalis,93819251,42.3945,-72.5208
hyemalis,94429341,41.1551053,-87.873772
hyemalis,94433761,42.2942745,-76.6387582
hyemalis,94433791,42.2943,-76.6388
oreganus,94574201,37.962403,-122.00553
oreganus,94661421,48.5098,-123.363
oreganus,95406091,44.5488094,-123.37362
hyemalis,95754331,44.3262,-73.0326
hyemalis,95848101,45.5056,-73.5882
hyemalis,95920151,53.4405253,-105.8724
oreganus,95990531,34.1287,-118.212
caniceps,96796151,39.9835655,-105.30284
hyemalis,96800051,42.4259,-76.3358
hyemalis,96805431,42.4720019,-76.459801
hyemalis,96921111,42.438,-76.398
hyemalis,96947931,42.4749,-76.4601
hyemalis,97145521,45.3565,-72.2602
caniceps,97164411,40.5114352,-106.0102069
dorsalis,97981671,33.4629,-105.8052
hyemalis,98224861,42.4259,-76.3358
oreganus,98352001,37.40163,-122.33646
hyemalis,98680291,42.4371,-76.3056
hyemalis,98682911,42.4371,-76.3056
hyemalis,98696991,45.3565,-72.2602
oreganus,98913111,44.5488,-123.3736
hyemalis,99362061,53.5287,-113.553
oreganus,99658791,44.5488094,-123.3736163
hyemalis,100234011,43.868,-72.8296
oreganus,100742741,36.4855,-121.193
hyemalis,100999611,44.0985,-64.6849
hyemalis,101275521,61.3867,-139.1095
hyemalis,101309821,34.8781,-83.8088
hyemalis,101633591,42.2681,-72.6262
hyemalis,101660701,41.846,-78.0989
hyemalis,102051381,38.5867,-77.7578
hyemalis,102371111,42.4712,-76.4592
hyemalis,102381571,42.4761,-76.4569
oreganus,102952031,47.5342,-122.157
hyemalis,103281941,35.4028,-82.7565
hyemalis,103514521,45.3565,-72.2602
hyemalis,103601471,38.9876992,-79.330524
hyemalis,104200011,42.2729,-76.6399
hyemalis,104203501,42.4749,-76.4601
caniceps,104306801,40.6153,-115.3816
hyemalis,104522961,42.3179,-76.4783
hyemalis,104523331,42.3179,-76.4783
hyemalis,104525971,44.6503,-70.348
hyemalis,104527941,42.276571,-76.643584
hyemalis,104529571,42.3071,-76.482
oreganus,104829841,38.808,-120.3749
hyemalis,104838641,42.4157303,-76.51937
hyemalis,104883331,42.3338153,-76.340067
hyemalis,104887471,42.3233,-76.3517
hyemalis,104953671,42.3071,-76.482
hyemalis,104953691,42.317861,-76.478307
hyemalis,105031141,43.827,-73.5446
oreganus,105123861,48.5050189,-123.042
hyemalis,105187821,35.7153,-82.2741
oreganus,105207351,37.4016,-122.337
oreganus,105306791,48.8618,-121.684
caniceps,105313321,39.4663,-105.2363
caniceps,105313591,39.4663,-105.2363
caniceps,105345661,39.4663,-105.2363
hyemalis,105396011,42.435976,-72.893452
hyemalis,105396011,42.435976,-72.893452
oreganus,105403601,56.9708778,-135.3236
hyemalis,105489371,43.7095983,-72.315953
hyemalis,105828461,44.3443,-68.0561
caniceps,105843921,39.6139,-105.5408
caniceps,105850711,39.611,-105.5625
caniceps,105850741,39.611,-105.5625
hyemalis,105899821,44.3779,-68.0364
oreganus,105946621,39.6403,-120.61
hyemalis,105993971,42.5481,-72.9438
hyemalis,106045801,44.1616,-73.7202
hyemalis,106050801,44.1616,-73.7202
hyemalis,106130851,43.6465,-73.6535
hyemalis,106156641,43.6465,-73.6535
hyemalis,106156741,43.6465,-73.6535
hyemalis,106168961,42.3217195,-76.4746687
hyemalis,106168981,42.3179,-76.4783
hyemalis,106310481,43.5479,-65.6107
hyemalis,106539101,43.8418,-72.9648
hyemalis,106546611,44.6448,-63.4524
hyemalis,106567011,41.9986,-74.3864
hyemalis,106567011,41.9986,-74.3864
oreganus,106584611,43.5157,-121.693
caniceps,107377361,39.9485677,-105.36262
hyemalis,107391201,42.3179,-76.4783
hyemalis,107392841,42.3179,-76.4783
caniceps,107570931,38.8674,-106.247
caniceps,107578861,39.3222,-106.412
hyemalis,107616011,35.715,-83.2565
caniceps,107703731,40.6100397,-111.59591
caniceps,107749431,40.6100397,-111.59591
caniceps,107750651,40.5816,-111.656
oreganus,107752861,39.5834,-120.483
caniceps,107809771,42.1714,-114.2794
hyemalis,107881271,42.3338,-76.3401
oreganus,108158391,49.37427,-123.1818
hyemalis,108162811,42.6260225,-73.03433
hyemalis,108162811,42.6260225,-73.03433
hyemalis,108190801,44.4106,-67.9898
oreganus,108272741,51.6526168,-120.04029
oreganus,108332791,45.304478,-121.755818
hyemalis,110210511,40.3184261,-75.409523
oreganus,113956871,39.698,-120.45
hyemalis,120334001,50.3225,-66.7726
hyemalis,120662481,42.4259195,-76.335754
caniceps,120993921,39.5904357,-104.8937
oreganus,135762001,48.3116,-121.5479
dorsalis,139400531,31.9331228,-104.84649
oreganus,141072861,38.455395,-122.84817
oreganus,141686301,37.084,-122.061
oreganus,142274581,58.3610546,-134.64553
hyemalis,143592511,42.4938,-76.4896
caniceps,144188981,31.7383,-110.8869
caniceps,144190311,31.733668,-110.882269
oreganus,145648521,48.5202,-123.418
hyemalis,146169611,36.4757,-79.7427
hyemalis,146822291,44.1363784,-79.449421
hyemalis,147288551,39.83,-74.99
hyemalis,147332391,44.920967,-93.2347699
hyemalis,147477091,42.7131187,-71.645093
hyemalis,147479191,40.9531,-73.7012
hyemalis,147661641,42.413,-85.3798
hyemalis,147868511,42.7815432,-73.450813
hyemalis,147868511,42.7815432,-73.450813
hyemalis,147880361,44.1363784,-79.449421
oreganus,147939081,49.31,-117.648
hyemalis,148089011,39.901,-75.3469
hyemalis,148094811,40.9531,-73.7012
hyemalis,148176791,42.2942745,-76.638758
hyemalis,148176961,42.2943,-76.6388
hyemalis,148244941,42.3051572,-72.378051
hyemalis,148363681,53.5261,-113.478
hyemalis,148478641,44.3632,-79.7136
hyemalis,148666291,43.812,-73.4951
hyemalis,148703751,41.6028,-85.8772
hyemalis,148713141,42.1188,-71.2077
hyemalis,148783981,40.7392,-75.0932
oreganus,148919291,47.3894,-122.455
hyemalis,148991381,53.5261,-113.478
hyemalis,149145121,39.8349,-74.9939
oreganus,149162471,51.1004,-114.267
hyemalis,149394011,42.293,-76.6551
hyemalis,149394091,42.293,-76.6551
hyemalis,149582971,43.8133,-73.5018
hyemalis,149885821,42.5581699,-76.624575
hyemalis,150233591,43.316779,-70.765686
hyemalis,150390441,53.519927,-114.13283
hyemalis,150536321,35.1057,-82.6275
hyemalis,150722351,43.6956,-80.2469
hyemalis,151009041,45.507,-77.9484
hyemalis,151051861,44.266321,-72.567099
hyemalis,151100881,43.316779,-70.765686
oreganus,151155601,48.4926,-123.345
hyemalis,151163421,45.5043,-77.5763
hyemalis,151260911,44.4692,-88.8212
hyemalis,151325241,44.1363784,-79.449421
hyemalis,151551311,43.812,-73.4951
oreganus,151587521,47.6591,-116.836
hyemalis,151861881,44.5292,-72.6982
oreganus,151926641,36.4993,-121.8104
hyemalis,151997041,44.1363784,-79.449421
oreganus,152146571,47.6299,-122.366
hyemalis,152263611,43.443482,-72.399556
hyemalis,152382761,45.5762,-62.3519
oreganus,152854171,38.3591,-123.009
hyemalis,152910811,53.3656,-103.436
hyemalis,152933131,45.5042915,-77.576263
hyemalis,153102501,35.4028,-82.7565
hyemalis,153389781,45.507,-77.9484
hyemalis,153615861,42.4937,-76.4857
hyemalis,153748011,42.3742,-71.1452
hyemalis,154435311,41.1646,-80.1024
hyemalis,154663711,45.5042915,-77.576263
oreganus,156856651,38.3597,-122.515
oreganus,156856701,38.3597,-122.515
hyemalis,156885211,42.4259,-76.3358
hyemalis,157562281,42.4259,-76.3358
oreganus,157882521,37.8758,-122.253
hyemalis,158213871,44.1315,-79.4578
oreganus,158394741,45.5114597,-122.5940323
hyemalis,160126691,43.812,-73.4951
hyemalis,160492531,42.4259,-76.3358
oreganus,161154371,49.2648,-123.253
hyemalis,161817101,53.5257,-113.498
hyemalis,161852341,43.868,-72.8296
hyemalis,161995331,43.8746,-72.8344
hyemalis,162298911,42.4259,-76.3358
oreganus,162422671,39.698,-120.45
oreganus,162444911,54.3946,-122.371
hyemalis,162681641,40.9146933,-73.121569
oreganus,163016131,36.9747,-121.9555
oreganus,163353471,32.7143,-117.246
caniceps,163471401,35.1630756,-106.36948
hyemalis,163588441,44.235196,-73.709193
hyemalis,163588441,44.235196,-73.709193
hyemalis,163588441,44.235196,-73.709193
oreganus,163686001,38.3591,-123.009
hyemalis,163774851,42.3378802,-76.351107
hyemalis,163799121,42.3379,-76.3511
hyemalis,163801561,42.3234,-76.3358
oreganus,163915391,51.06,-118.26
caniceps,164020341,39.3341,-117.1611
hyemalis,164060691,42.2766,-76.6436
hyemalis,164069731,42.276571,-76.643584
hyemalis,164071691,42.276571,-76.643584
hyemalis,164086651,44.8209,-71.2818
hyemalis,164143671,41.5610286,-81.423121
hyemalis,164143821,41.5610286,-81.423121
oreganus,164148601,39.857,-121.1249
hyemalis,164199781,42.2774,-76.6637
hyemalis,164199921,42.2774083,-76.66366
hyemalis,164274851,42.3338,-76.3401
hyemalis,164280451,42.3338,-76.3401
hyemalis,164281551,42.3338,-76.3401
hyemalis,164296611,42.3179,-76.4783
hyemalis,164322731,64.9545,-148.366
hyemalis,164410431,42.2632,-76.6272
hyemalis,164482541,64.9545,-148.366
hyemalis,164483061,64.9545,-148.366
hyemalis,164533271,53.1958,-114.635
hyemalis,164633541,42.3179,-76.4783
hyemalis,164924501,42.3020687,-76.481702
hyemalis,164959621,42.3021,-76.4817
oreganus,165519451,48.797455,-113.67388
hyemalis,165528451,61.1035,-155.574
hyemalis,165599501,42.3338,-76.3401
oreganus,165630581,38.8003,-120.375
oreganus,165787981,50.9661,-118.103
caniceps,165862251,38.9778,-105.263
dorsalis,166323801,34.2483,-109.741
oreganus,166407351,48.5202,-123.418
hyemalis,166452291,44.3684,-73.9017
hyemalis,166536941,48.5819,-71.1852
hyemalis,166888401,41.601996,-81.332567
oreganus,166896241,50.946,-118.235
caniceps,166943751,38.9113388,-105.28542
oreganus,166971971,48.5202,-123.418
oreganus,166974661,38.3591,-123.009
hyemalis,167375911,44.3354,-68.0611
hyemalis,167580031,36.1029,-82.1332
hyemalis,167733861,35.5632,-83.4984
hyemalis,167743481,39.6061,-79.0982
hyemalis,168319751,42.3338,-76.3401
hyemalis,168341471,36.1029,-82.1332
hyemalis,168341901,36.1029,-82.1332
hyemalis,168342111,36.1029,-82.1332
hyemalis,168363921,36.1007,-82.1084
hyemalis,168480381,39.033,-79.3306
caniceps,168651591,38.9707,-107.0646
caniceps,168651601,38.9707,-107.0646
oreganus,168665381,47.3422,-122.824
hyemalis,168722341,36.1336,-82.3067
hyemalis,168821991,42.3338,-76.3401
hyemalis,168993981,36.1003,-82.1344
hyemalis,169050821,61.1664,-149.692
hyemalis,169099541,42.2774,-76.6637
hyemalis,169099651,42.2774,-76.6637
hyemalis,169099691,42.2774,-76.6637
hyemalis,169242351,39.0337,-79.3135
hyemalis,169244441,39.033,-79.3306
oreganus,169579331,48.3219,-114.324
hyemalis,170025561,45.218,-81.4804
caniceps,170275341,38.9876,-105.101
caniceps,170505961,39.9579,-105.339
oreganus,171008801,34.638902,-119.32701
hyemalis,172470631,42.4370524,-76.30545
oreganus,173901301,37.3136561,-122.18822
dorsalis,174139391,34.4292,-111.333
hyemalis,180689901,42.656,-76.3152
oreganus,184801281,47.638,-123.434
oreganus,184806861,47.6757798,-123.38707
hyemalis,184892111,44.3501,-68.054
hyemalis,193579591,50.9084,-94.2912
hyemalis,193917021,59.4536,-136.028
oreganus,193988221,58.4181,-134.59
oreganus,194746011,55.3867,-131.537
oreganus,194875931,55.4255,-131.609
oreganus,194880691,55.4255,-131.609
oreganus,194881001,55.4255,-131.609
hyemalis,208064751,43.8204,-73.493
hyemalis,211304101,42.4712,-76.4592
hyemalis,212967421,40.8717025,-73.92569
oreganus,213111361,35.2675798,-120.66065
caniceps,213567791,37.4179,-107.83
oreganus,213870001,32.873,-116.464
hyemalis,214297621,42.4259,-76.3358
hyemalis,214298671,42.4259,-76.3358
hyemalis,214299281,42.4259,-76.3358
caniceps,214428751,40.1430944,-105.1423234
caniceps,214428771,40.1430944,-105.1423234
hyemalis,214981001,40.9991,-73.9347
oreganus,215078101,39.2904,-121.0481
hyemalis,215618931,43.0321,-76.1337
hyemalis,215618951,43.0321,-76.1337
hyemalis,215847201,42.7131,-71.6451
hyemalis,216152321,42.4521,-76.4573
hyemalis,216152341,42.45,-76.4742
mearnsi,216271411,40.506,-104.964
oreganus,216993551,36.4885,-121.7212
hyemalis,217471051,42.4795,-76.4552
hyemalis,217472041,42.4937,-76.4857
hyemalis,218019711,43.5112,-73.2374
caniceps,218281581,40.3868,-105.659
hyemalis,218453411,40.2333464,-76.472311
hyemalis,218493801,43.0487786,-75.8828193
hyemalis,218669821,42.141729,-75.89623
oreganus,219033001,37.9778,-122.543
oreganus,219192731,46.7731,-120.836
oreganus,219192751,46.7731,-120.836
hyemalis,219925481,42.4712,-76.4592
oreganus,220389311,36.3858,-121.5721
hyemalis,220760001,43.8204,-73.493
hyemalis,220973981,44.1328,-79.4551
hyemalis,220986511,42.4712,-76.4592
hyemalis,221587551,40.0712,-76.8879
hyemalis,221616241,42.4633,-76.4577
hyemalis,221648921,43.8182,-73.4963
hyemalis,221789421,42.2064101,-75.833813
dorsalis,222046411,35.235,-111.665
dorsalis,222046411,35.235,-111.665
dorsalis,223014391,35.2803258,-111.6385267
dorsalis,223014391,35.2803258,-111.6385267
dorsalis,223014391,35.2803258,-111.6385267
dorsalis,223014491,35.2803258,-111.6385267
dorsalis,223014491,35.2803258,-111.6385267
dorsalis,223014491,35.2803258,-111.6385267
hyemalis,223272011,45.3987,-75.6939
hyemalis,223332101,45.5873,-77.2806
oreganus,223824971,38.4908,-123.019
hyemalis,224239861,42.0922,-75.9683
hyemalis,224261641,42.4712,-76.4592
oreganus,224494691,34.4326,-119.56
oreganus,224557221,46.678,-120.6534
oreganus,225158291,36.488478,-121.72121
dorsalis,226157371,35.2274,-111.604
hyemalis,226551201,41.8879,-88.2025
hyemalis,226958961,42.4712,-76.4592
oreganus,227263641,32.7587,-117.193
oreganus,227668741,34.1160848,-118.28081
hyemalis,228999851,42.343,-76.3
dorsalis,229631761,34.1278,-109.953
hyemalis,231007151,44.3095,-73.9371
oreganus,231448551,39.4147,-120.8485
hyemalis,231943641,44.2317,-68.3256
oreganus,232777351,34.218,-117.114
hyemalis,232843291,44.3761,-72.2985
oreganus,233008681,49.5926,-124.884
caniceps,233529721,37.6314,-112.17
oreganus,234453481,47.5447,-121.1245
hyemalis,235520451,42.3699,-77.2401
caniceps,235579411,41.2546731,-105.42193
oreganus,236790421,47.6975,-122.3094
oreganus,236791041,47.6975,-122.3094
oreganus,236932441,38.0413,-122.6245
hyemalis,237119191,41.1056,-77.2432
oreganus,237809651,48.8872,-122.78
oreganus,237941811,38.5713205,-121.76113
hyemalis,238273441,42.7228,-73.4349
oreganus,238302551,38.4038,-122.499
hyemalis,238657251,44.4108,-72.5274
hyemalis,238832271,63.6703,-149.578
hyemalis,238865161,43.1163,-76.3916
dorsalis,239243671,35.154884,-111.911972
dorsalis,239243671,35.154884,-111.911972
dorsalis,239243671,35.154884,-111.911972
dorsalis,240245601,35.2281,-111.598
oreganus,240668181,50.973,-118.174
oreganus,240668231,50.973,-118.174
oreganus,240814911,37.9574,-122.6098
dorsalis,241099541,35.198247,-111.900933
dorsalis,241099541,35.198247,-111.900933
dorsalis,241099541,35.198247,-111.900933
hyemalis,241813181,44.1741363,-68.713753
hyemalis,242120101,39.0255,-79.4697
oreganus,242473791,38.3803,-122.628
hyemalis,242527011,44.1435,-73.9865
oreganus,242667421,51.06,-118.2597
oreganus,242802681,48.2217,-122.763
hyemalis,242845151,43.8188,-73.6572
oreganus,242882561,32.6041,-116.884
hyemalis,242991061,44.211,-72.9316
hyemalis,242991801,44.211,-72.9316
hyemalis,243047191,44.3551,-74.3956
oreganus,243244171,32.8548,-116.42
dorsalis,243645011,34.118377,-109.908303
dorsalis,243645011,34.118377,-109.908303
dorsalis,243645011,34.118377,-109.908303
dorsalis,243647281,34.1184,-109.9083
oreganus,243672961,32.8548,-116.42
hyemalis,243819941,44.4165,-72.8636
hyemalis,243922881,35.0536,-83.1891
oreganus,244014931,40.5737746,-124.04475
oreganus,244200111,46.6603,-121.284
caniceps,244312791,40.7390555,-105.6367046
hyemalis,244507241,43.5693879,-72.793031
hyemalis,244508521,43.5693879,-72.793031
hyemalis,244520241,44.1119,-73.8239
hyemalis,244581061,43.868,-72.8296
hyemalis,244807031,43.1163083,-76.391591
hyemalis,244887271,44.0905,-74.0635
caniceps,245014041,40.48,-106.01
hyemalis,245030631,44.323,-73.9015
hyemalis,245043531,48.7682,-72.5652
oreganus,245089041,38.6755,-119.9917
oreganus,245207341,32.8424,-116.448
hyemalis,245288641,43.868,-72.8296
oreganus,245953161,48.8625,-122.427
oreganus,245977411,50.6768,-119.308
oreganus,246025741,49.3592,-119.91
oreganus,246026981,49.3592,-119.91
oreganus,246075451,47.6691,-122.3065
oreganus,246075721,47.6691,-122.3065
hyemalis,246101401,44.0885,-74.1181
hyemalis,246202571,44.3354,-68.0611
hyemalis,246287171,44.6448169,-63.452418
hyemalis,246293061,44.6448169,-63.452418
hyemalis,246337541,44.3354,-68.0611
dorsalis,246351461,32.7573,-105.7261
dorsalis,246351851,32.7573,-105.7261
dorsalis,246401701,32.7574,-105.7267
dorsalis,246401821,32.7574,-105.7267
caniceps,246430021,40.077887,-105.57454
dorsalis,246451331,32.757331,-105.72615
dorsalis,246451581,32.7573,-105.7261
hyemalis,246732621,44.7406,-63.3003
oreganus,246801781,47.6370819,-122.29574
oreganus,246802211,47.6639,-122.4215
hyemalis,247074461,45.1522773,-64.611111
hyemalis,247074461,45.1522773,-64.611111
hyemalis,247074461,45.1522773,-64.611111
hyemalis,247074461,45.1522773,-64.611111
hyemalis,247682961,42.76381,-75.99576
hyemalis,247682961,42.76381,-75.99576
hyemalis,247683101,42.76381,-75.99576
hyemalis,247683101,42.76381,-75.99576
hyemalis,247683101,42.76381,-75.99576
mearnsi,247943511,45.5838493,-111.0405371
mearnsi,247943511,45.5838493,-111.0405371
mearnsi,247943511,45.5838493,-111.0405371
hyemalis,248307961,42.8461427,-72.097607
hyemalis,248307961,42.8461427,-72.097607
hyemalis,248307961,42.8461427,-72.097607
hyemalis,248443681,39.4990364,-79.418728
hyemalis,248443681,39.4990364,-79.418728
hyemalis,248443681,39.4990364,-79.418728
hyemalis,248443781,39.4990364,-79.418728
hyemalis,248443781,39.4990364,-79.418728
oreganus,248623431,44.6108645,-122.84023
oreganus,248623431,44.6108645,-122.84023
oreganus,248623431,44.6108645,-122.84023
oreganus,249345781,39.3071942,-119.90621
oreganus,249345781,39.3071942,-119.90621
hyemalis,249385241,45.356757,-65.554784
hyemalis,249385241,45.356757,-65.554784
hyemalis,249385241,45.356757,-65.554784
oreganus,249632321,39.3521269,-120.36074
oreganus,249632321,39.3521269,-120.36074
hyemalis,249637461,44.6907537,-63.297863
hyemalis,249637461,44.6907537,-63.297863
hyemalis,249994631,44.6858132,-63.299689
hyemalis,249994631,44.6858132,-63.299689
hyemalis,249994631,44.6858132,-63.299689
hyemalis,250150821,44.6858132,-63.299689
hyemalis,250150821,44.6858132,-63.299689
hyemalis,250150821,44.6858132,-63.299689
hyemalis,250180921,41.3762551,-76.264664
caniceps,250719541,41.3504586,-106.22811
caniceps,250719541,41.3504586,-106.22811
caniceps,250719541,41.3504586,-106.22811
caniceps,250719561,41.3504586,-106.22811
caniceps,250719561,41.3504586,-106.22811
caniceps,250719561,41.3504586,-106.22811
dorsalis,250898451,33.5761475,-109.3551883
dorsalis,250898451,33.5761475,-109.3551883
dorsalis,250898451,33.5761475,-109.3551883
dorsalis,250898981,34.202556,-110.103864
dorsalis,250898981,34.202556,-110.103864
dorsalis,250898981,34.202556,-110.103864
caniceps,251050261,41.3504586,-106.22811
caniceps,251050261,41.3504586,-106.22811
caniceps,251050261,41.3504586,-106.22811
hyemalis,251468211,43.633445,-72.870322
hyemalis,251468211,43.633445,-72.870322
hyemalis,251468211,43.633445,-72.870322
hyemalis,251904481,41.8894157,-77.177357
hyemalis,251904481,41.8894157,-77.177357
hyemalis,251904481,41.8894157,-77.177357
hyemalis,252127681,43.876163,-73.621437
hyemalis,252127681,43.876163,-73.621437
hyemalis,269494771,41.494825,-73.650672
hyemalis,272562971,42.2904667,-83.764009
hyemalis,272562971,42.2904667,-83.764009
hyemalis,278010071,43.8749037,-73.619203
hyemalis,278010071,43.8749037,-73.619203
hyemalis,278010071,43.8749037,-73.619203
oreganus,294322891,36.610705,-121.93202
oreganus,299382031,34.5069163,-119.82256
oreganus,299382031,34.5069163,-119.82256
oreganus,305425981,33.768725,-118.17632
oreganus,305425981,33.768725,-118.17632
oreganus,305425981,33.768725,-118.17632
oreganus,305425991,33.768725,-118.17632
oreganus,305425991,33.768725,-118.17632
oreganus,305425991,33.768725,-118.17632
oreganus,307699661,37.3581509,-122.21277
oreganus,307699661,37.3581509,-122.21277
oreganus,307699661,37.3581509,-122.21277
oreganus,307700091,37.3581509,-122.21277
oreganus,307700091,37.3581509,-122.21277
oreganus,308464481,34.1161926,-118.26747
oreganus,308464481,34.1161926,-118.26747
oreganus,308464481,34.1161926,-118.26747
oreganus,308542581,47.6981686,-122.21019
oreganus,308542581,47.6981686,-122.21019
oreganus,308542581,47.6981686,-122.21019
oreganus,310806561,43.6255653,-116.75288
oreganus,310806561,43.6255653,-116.75288
oreganus,310806561,43.6255653,-116.75288
oreganus,311210591,37.7429271,-122.41329
oreganus,311210591,37.7429271,-122.41329
hyemalis,311643491,42.4399324,-76.483859
hyemalis,311643491,42.4399324,-76.483859
hyemalis,311643491,42.4399324,-76.483859
oreganus,311973731,36.542859,-121.8845
oreganus,311973731,36.542859,-121.8845
oreganus,311973731,36.542859,-121.8845
hyemalis,312122201,42.4595686,-76.486685
hyemalis,312122201,42.4595686,-76.486685
hyemalis,312122201,42.4595686,-76.486685
oreganus,312204341,48.5195038,-123.5145
oreganus,312204341,48.5195038,-123.5145
oreganus,312204341,48.5195038,-123.5145
oreganus,312309421,33.805453,-118.37632
oreganus,312526901,47.6815336,-122.25055
oreganus,312526901,47.6815336,-122.25055
oreganus,312526901,47.6815336,-122.25055
oreganus,312543391,46.6779751,-120.6534
oreganus,312543391,46.6779751,-120.6534
oreganus,312543391,46.6779751,-120.6534
oreganus,313591911,46.6779751,-120.6534
oreganus,313787581,48.4610555,-123.34608
oreganus,313787581,48.4610555,-123.34608
oreganus,313787581,48.4610555,-123.34608
unknown,314094831,31.9063055,-109.15343
unknown,314094831,31.9063055,-109.15343
unknown,314094831,31.9063055,-109.15343
caniceps,314204051,39.3771618,-105.09443
caniceps,314204051,39.3771618,-105.09443
caniceps,314204051,39.3771618,-105.09443
oreganus,314264081,48.460343,-123.31758
oreganus,314704451,48.4763354,-123.4029
oreganus,314704451,48.4763354,-123.4029
oreganus,314704451,48.4763354,-123.4029
caniceps,314708401,40.2656752,-103.79879
caniceps,314708401,40.2656752,-103.79879
caniceps,314708401,40.2656752,-103.79879
caniceps,314708421,40.2656752,-103.79879
caniceps,314708421,40.2656752,-103.79879
oreganus,314708891,34.1197632,-118.12217
oreganus,314708891,34.1197632,-118.12217
hyemalis,314772891,42.5340578,-70.902154
hyemalis,314772891,42.5340578,-70.902154
oreganus,315098591,38.4391612,-122.97625
oreganus,315098591,38.4391612,-122.97625
oreganus,315098591,38.4391612,-122.97625
mearnsi,315215061,40.2197978,-105.26566
mearnsi,315215061,40.2197978,-105.26566
mearnsi,315215061,40.2197978,-105.26566
hyemalis,315785361,42.1462958,-75.963045
oreganus,318114181,46.661867,-116.99328
oreganus,318114181,46.661867,-116.99328
oreganus,318395111,39.7614012,-104.87817
oreganus,318395111,39.7614012,-104.87817
oreganus,318395111,39.7614012,-104.87817
hyemalis,318541101,40.61124113,-78.4565433
hyemalis,318541101,40.61124113,-78.4565433
hyemalis,318541101,40.61124113,-78.4565433
hyemalis,318621751,43.6294902,-72.939262
hyemalis,318621751,43.6294902,-72.939262
hyemalis,318621751,43.6294902,-72.939262
oreganus,318773391,50.8997707,-119.45543
oreganus,318773391,50.8997707,-119.45543
oreganus,318773391,50.8997707,-119.45543
hyemalis,319491891,45.4137,-65.9831
hyemalis,319491891,45.4137,-65.9831
hyemalis,319491891,45.4137,-65.9831
hyemalis,319494091,45.4137,-65.9831
hyemalis,319494091,45.4137,-65.9831
hyemalis,319494091,45.4137,-65.9831
hyemalis,319626961,43.547365,-70.390713
hyemalis,319626961,43.547365,-70.390713
oreganus,320193451,48.0581943,-123.78683
oreganus,320193451,48.0581943,-123.78683
oreganus,320193451,48.0581943,-123.78683
hyemalis,320224261,39.574956,-78.054468
hyemalis,320224261,39.574956,-78.054468
hyemalis,320224261,39.574956,-78.054468
oreganus,320454031,45.3811956,-122.4161911
oreganus,320454031,45.3811956,-122.4161911
hyemalis,320580641,43.868013,-72.829605
hyemalis,320580641,43.868013,-72.829605
hyemalis,321362571,43.598663,-73.185715
hyemalis,321362571,43.598663,-73.185715
hyemalis,321396351,40.6523083,-73.990428
hyemalis,321396351,40.6523083,-73.990428
hyemalis,321396351,40.6523083,-73.990428
hyemalis,321579011,44.7620675,-64.742482
hyemalis,321579011,44.7620675,-64.742482
hyemalis,321579011,44.7620675,-64.742482
hyemalis,321658041,42.7131187,-71.645093
hyemalis,321658041,42.7131187,-71.645093
hyemalis,321658041,42.7131187,-71.645093
hyemalis,321956151,43.2899735,-71.238843
oreganus,322111981,37.9816972,-122.62014
oreganus,322111981,37.9816972,-122.62014
hyemalis,322141281,40.1408639,-74.123378
hyemalis,322141281,40.1408639,-74.123378
caniceps,322588901,39.9579448,-105.33857
caniceps,322588901,39.9579448,-105.33857
caniceps,322588901,39.9579448,-105.33857
oreganus,322653551,34.210172,-118.65084
oreganus,322653551,34.210172,-118.65084
oreganus,322653551,34.210172,-118.65084
hyemalis,322834011,45.5895161,-77.28249
hyemalis,322834011,45.5895161,-77.28249
hyemalis,323165091,43.6243935,-72.504814
hyemalis,323165091,43.6243935,-72.504814
hyemalis,323165091,43.6243935,-72.504814
oreganus,323205141,49.6537118,-112.8765
oreganus,323205141,49.6537118,-112.8765
oreganus,323481771,44.992633,-123.99799
oreganus,323581561,32.8729818,-116.46385
oreganus,323581561,32.8729818,-116.46385
oreganus,323581561,32.8729818,-116.46385
oreganus,323582741,37.8217515,-122.23314
oreganus,323582741,37.8217515,-122.23314
oreganus,323582741,37.8217515,-122.23314
oreganus,323587221,37.5017937,-121.94674
oreganus,323587221,37.5017937,-121.94674
oreganus,323604091,47.3897935,-122.45243
oreganus,323604091,47.3897935,-122.45243
oreganus,323604091,47.3897935,-122.45243
dorsalis,323648741,34.779232,-111.51881
dorsalis,323648741,34.779232,-111.51881
dorsalis,323648741,34.779232,-111.51881
oreganus,323659351,47.0953996,-123.09097
oreganus,323659351,47.0953996,-123.09097
oreganus,323659351,47.0953996,-123.09097
oreganus,323757281,34.562889,-119.9503
oreganus,323757281,34.562889,-119.9503
oreganus,323757281,34.562889,-119.9503
hyemalis,323912721,35.1574362,-82.769829
hyemalis,323912721,35.1574362,-82.769829
hyemalis,323912721,35.1574362,-82.769829
hyemalis,324137961,43.5392072,-80.215765
hyemalis,324137961,43.5392072,-80.215765
hyemalis,324137961,43.5392072,-80.215765
oreganus,324225271,44.092073,-115.94327
oreganus,324225271,44.092073,-115.94327
oreganus,324225271,44.092073,-115.94327
hyemalis,324247091,45.0728155,-64.567251
hyemalis,324247091,45.0728155,-64.567251
hyemalis,324247091,45.0728155,-64.567251
oreganus,324304351,51.684564,-120.01571
oreganus,324304351,51.684564,-120.01571
oreganus,324304351,51.684564,-120.01571
hyemalis,324585671,42.564713,-76.254129
hyemalis,324585671,42.564713,-76.254129
hyemalis,324585671,42.564713,-76.254129
hyemalis,324607661,46.7166099,-71.541767
hyemalis,324607661,46.7166099,-71.541767
hyemalis,324607661,46.7166099,-71.541767
oreganus,324742091,48.4914991,-123.37905
oreganus,324742091,48.4914991,-123.37905
oreganus,324742091,48.4914991,-123.37905
hyemalis,324758691,46.8376522,-71.212155
hyemalis,324758691,46.8376522,-71.212155
hyemalis,324758691,46.8376522,-71.212155
oreganus,325026021,37.8317047,-122.18457
oreganus,325026021,37.8317047,-122.18457
oreganus,325026021,37.8317047,-122.18457
hyemalis,325127451,42.317861,-76.478307
hyemalis,325127451,42.317861,-76.478307
hyemalis,325127451,42.317861,-76.478307
hyemalis,325147381,43.5519435,-80.26801
hyemalis,325147381,43.5519435,-80.26801
hyemalis,325147381,43.5519435,-80.26801
hyemalis,325343751,46.528391,-84.291203
hyemalis,325509401,45.0789604,-64.490476
hyemalis,325509401,45.0789604,-64.490476
hyemalis,325509401,45.0789604,-64.490476
oreganus,325867141,51.0408026,-115.26257
oreganus,325867141,51.0408026,-115.26257
oreganus,325867141,51.0408026,-115.26257
hyemalis,326772611,49.2229789,-68.145704
hyemalis,326772611,49.2229789,-68.145704
hyemalis,326772611,49.2229789,-68.145704
hyemalis,326974661,42.666532,-76.317848
hyemalis,326974661,42.666532,-76.317848
hyemalis,326974661,42.666532,-76.317848
hyemalis,327722621,42.4259195,-76.335754
hyemalis,327722621,42.4259195,-76.335754
hyemalis,327722621,42.4259195,-76.335754
oreganus,327850171,35.1780177,-120.51796
oreganus,327850171,35.1780177,-120.51796
oreganus,327850171,35.1780177,-120.51796
hyemalis,328038211,39.940098,-83.03271
hyemalis,328038211,39.940098,-83.03271
hyemalis,328786571,46.839641,-71.236717
hyemalis,328786571,46.839641,-71.236717
hyemalis,328994541,45.0027778,-64.332306
hyemalis,328994541,45.0027778,-64.332306
oreganus,329198231,47.5199463,-122.36886
oreganus,329198231,47.5199463,-122.36886
oreganus,329198231,47.5199463,-122.36886
hyemalis,329664301,48.9307,-54.58792
hyemalis,329664301,48.9307,-54.58792
hyemalis,329664301,48.9307,-54.58792
oreganus,331206381,47.7329014,-122.25581
oreganus,331206381,47.7329014,-122.25581
oreganus,331206381,47.7329014,-122.25581
oreganus,331262921,44.6101933,-122.83952
oreganus,331262921,44.6101933,-122.83952
hyemalis,331287601,41.3440893,-80.061515
hyemalis,331287601,41.3440893,-80.061515
hyemalis,331287601,41.3440893,-80.061515
oreganus,331711731,49.34316,-123.01948
oreganus,331711731,49.34316,-123.01948
hyemalis,331801281,46.7782863,-71.245415
hyemalis,331801281,46.7782863,-71.245415
oreganus,331993431,39.2720344,-120.94803
oreganus,331993431,39.2720344,-120.94803
oreganus,331993431,39.2720344,-120.94803
hyemalis,332080111,48.97138,-54.94827
hyemalis,332477221,60.9655795,-149.13298
hyemalis,332477221,60.9655795,-149.13298
hyemalis,332477221,60.9655795,-149.13298
oreganus,332658971,49.4083051,-114.3414
oreganus,332658971,49.4083051,-114.3414
hyemalis,332873141,46.5101339,-84.352668
hyemalis,332873141,46.5101339,-84.352668
hyemalis,333752351,45.5042915,-77.576263
hyemalis,335468221,42.3483635,-76.164683
hyemalis,335468221,42.3483635,-76.164683
hyemalis,335468221,42.3483635,-76.164683
oreganus,335589061,35.4085437,-120.56717
oreganus,335589061,35.4085437,-120.56717
oreganus,335589061,35.4085437,-120.56717
oreganus,336170851,37.7765549,-122.46035
oreganus,336314971,34.0876702,-117.71253
hyemalis,336377141,62.26145,-149.87823
hyemalis,336377141,62.26145,-149.87823
hyemalis,336377141,62.26145,-149.87823
oreganus,336943761,32.8582741,-116.43347
oreganus,336943761,32.8582741,-116.43347
oreganus,336943761,32.8582741,-116.43347
hyemalis,337057211,35.7558266,-82.177737
hyemalis,337057211,35.7558266,-82.177737
hyemalis,337057211,35.7558266,-82.177737
hyemalis,337314191,43.6027525,-65.801785
hyemalis,337314191,43.6027525,-65.801785
oreganus,337495121,39.162102,-123.22935
oreganus,337495121,39.162102,-123.22935
caniceps,337621961,40.8948224,-105.5667
caniceps,337621961,40.8948224,-105.5667
oreganus,338644081,37.7765549,-122.46035
oreganus,338689891,37.7765549,-122.46035
oreganus,338837581,37.7765549,-122.46035
oreganus,338837581,37.7765549,-122.46035
hyemalis,338908991,45.1522773,-64.611111
hyemalis,338908991,45.1522773,-64.611111
hyemalis,338908991,45.1522773,-64.611111
oreganus,340480391,37.9752804,-122.57937
oreganus,340480391,37.9752804,-122.57937
oreganus,340480391,37.9752804,-122.57937
oreganus,340876511,48.49255,-123.3453
oreganus,340876511,48.49255,-123.3453
oreganus,340876511,48.49255,-123.3453
oreganus,341204141,48.5837582,-123.14105
oreganus,341204141,48.5837582,-123.14105
oreganus,341204141,48.5837582,-123.14105
hyemalis,342348281,43.9524,-71.27549
hyemalis,342348281,43.9524,-71.27549
hyemalis,342348281,43.9524,-71.27549
oreganus,343085711,44.6228122,-123.31301
oreganus,343085711,44.6228122,-123.31301
oreganus,343085711,44.6228122,-123.31301
hyemalis,343118001,45.1393918,-75.888405
hyemalis,343118001,45.1393918,-75.888405
hyemalis,343118001,45.1393918,-75.888405
oreganus,343132151,50.6460294,-120.39109
oreganus,343132151,50.6460294,-120.39109
hyemalis,343361241,45.265,-64.342
oreganus,343896741,43.1742938,-124.00018
oreganus,343896741,43.1742938,-124.00018
oreganus,343896741,43.1742938,-124.00018
oreganus,343896771,43.1742938,-124.00018
oreganus,343896771,43.1742938,-124.00018
oreganus,343896771,43.1742938,-124.00018
hyemalis,343986941,42.918961,-76.081695
hyemalis,343986941,42.918961,-76.081695
hyemalis,343986941,42.918961,-76.081695
hyemalis,344186291,35.0855403,-83.186232
hyemalis,344186291,35.0855403,-83.186232
hyemalis,344186291,35.0855403,-83.186232
hyemalis,344479241,42.816468,-72.998597
hyemalis,344479241,42.816468,-72.998597
hyemalis,344479241,42.816468,-72.998597
hyemalis,344665731,45.1393918,-75.888405
hyemalis,344665731,45.1393918,-75.888405
hyemalis,344665731,45.1393918,-75.888405
mearnsi,344696971,45.6111705,-111.0013533
mearnsi,344696971,45.6111705,-111.0013533
mearnsi,344696971,45.6111705,-111.0013533
oreganus,345426061,47.6301994,-122.3136
oreganus,345426061,47.6301994,-122.3136
oreganus,345490521,49.2419437,-123.11221
oreganus,345490521,49.2419437,-123.11221
oreganus,345490521,49.2419437,-123.11221
hyemalis,346004861,44.7313641,-84.846848
hyemalis,346004861,44.7313641,-84.846848
hyemalis,346004861,44.7313641,-84.846848
hyemalis,346290211,42.8480637,-71.884902
hyemalis,346290211,42.8480637,-71.884902
hyemalis,346290211,42.8480637,-71.884902
hyemalis,347177031,42.474602,-76.324235
hyemalis,347177161,42.474602,-76.324235
hyemalis,347177181,42.474602,-76.324235
hyemalis,347393261,45.3884509,-65.454281
hyemalis,347393261,45.3884509,-65.454281
oreganus,347845881,37.986807,-122.47775
oreganus,347845881,37.986807,-122.47775
oreganus,347845881,37.986807,-122.47775
oreganus,347845911,37.986807,-122.47775
oreganus,347845911,37.986807,-122.47775
oreganus,347845911,37.986807,-122.47775
dorsalis,348457791,34.4566829,-112.43833
dorsalis,348457791,34.4566829,-112.43833
dorsalis,348457791,34.4566829,-112.43833
hyemalis,348476941,44.391136,-68.37248
hyemalis,348476941,44.391136,-68.37248
hyemalis,348476941,44.391136,-68.37248
hyemalis,348669201,44.056707,-74.182688
hyemalis,348669201,44.056707,-74.182688
hyemalis,348669201,44.056707,-74.182688
caniceps,348936311,35.8025481,-105.78138
caniceps,348936311,35.8025481,-105.78138
hyemalis,348988131,46.7590514,-91.016042
hyemalis,348988131,46.7590514,-91.016042
hyemalis,348988131,46.7590514,-91.016042
caniceps,349097261,40.8440843,-111.44468
caniceps,349097261,40.8440843,-111.44468
caniceps,349097261,40.8440843,-111.44468
oreganus,349200931,49.3440997,-122.97143
oreganus,349200931,49.3440997,-122.97143
dorsalis,349501291,34.479762,-110.788702
dorsalis,349501291,34.479762,-110.788702
dorsalis,349501291,34.479762,-110.788702
hyemalis,349587581,43.8738791,-69.662426
hyemalis,349587581,43.8738791,-69.662426
hyemalis,349587581,43.8738791,-69.662426
mearnsi,349715901,43.845941,-110.5754614
mearnsi,349715901,43.845941,-110.5754614
mearnsi,349715901,43.845941,-110.5754614
mearnsi,349721211,43.8842225,-110.631423
mearnsi,349721211,43.8842225,-110.631423
mearnsi,349721211,43.8842225,-110.631423
oreganus,349972511,51.0241597,-118.15483
mearnsi,350079491,44.7303024,-110.7096148
mearnsi,350079491,44.7303024,-110.7096148
mearnsi,350079491,44.7303024,-110.7096148
mearnsi,350080631,44.7303024,-110.7096148
oreganus,350372431,36.6125317,-118.69672
oreganus,350372431,36.6125317,-118.69672
oreganus,350372431,36.6125317,-118.69672
hyemalis,350409271,44.3287902,-68.37505
hyemalis,350409271,44.3287902,-68.37505
hyemalis,350409271,44.3287902,-68.37505
oreganus,350446061,36.5205052,-118.77165
oreganus,350446061,36.5205052,-118.77165
oreganus,350747861,51.0241597,-118.15483
oreganus,350747861,51.0241597,-118.15483
oreganus,350747861,51.0241597,-118.15483
hyemalis,350894091,55.550527,-110.90509
oreganus,351346631,39.2903707,-121.04806
oreganus,351346631,39.2903707,-121.04806
oreganus,351346631,39.2903707,-121.04806
hyemalis,351352231,44.332116,-68.387874
hyemalis,351352231,44.332116,-68.387874
hyemalis,351352231,44.332116,-68.387874
oreganus,351463591,50.7295558,-119.13561
oreganus,351463591,50.7295558,-119.13561
oreganus,351463591,50.7295558,-119.13561
oreganus,351555931,39.1044422,-120.20126
oreganus,351555931,39.1044422,-120.20126
hyemalis,352203561,45.4783664,-69.714479
hyemalis,352203561,45.4783664,-69.714479
hyemalis,352203561,45.4783664,-69.714479
hyemalis,352425931,42.8161104,-71.890596
hyemalis,352425931,42.8161104,-71.890596
hyemalis,352425931,42.8161104,-71.890596
caniceps,352776031,40.4098241,-105.5037
caniceps,352776031,40.4098241,-105.5037
caniceps,352776031,40.4098241,-105.5037
caniceps,353750931,39.458993,-105.91528
caniceps,353750931,39.458993,-105.91528
caniceps,353750931,39.458993,-105.91528
mearnsi,353765861,43.623863,-111.211553
mearnsi,353765861,43.623863,-111.211553
mearnsi,353765861,43.623863,-111.211553
oreganus,353943131,43.770505,-116.10489
oreganus,353943131,43.770505,-116.10489
oreganus,353943131,43.770505,-116.10489
caniceps,354343871,41.3504586,-106.22811
caniceps,354343871,41.3504586,-106.22811
caniceps,354343871,41.3504586,-106.22811
oreganus,354497171,48.8872412,-122.77991
oreganus,354497171,48.8872412,-122.77991
caniceps,354539621,41.3726221,-106.24762
caniceps,354539621,41.3726221,-106.24762
caniceps,354539621,41.3726221,-106.24762
caniceps,354539981,41.3726221,-106.24762
caniceps,354539981,41.3726221,-106.24762
caniceps,354539981,41.3726221,-106.24762
caniceps,354545061,41.3182245,-106.1615
caniceps,354545061,41.3182245,-106.1615
caniceps,354545061,41.3182245,-106.1615
caniceps,354638691,39.895085,-105.49113
caniceps,354638691,39.895085,-105.49113
caniceps,354638691,39.895085,-105.49113
caniceps,354707061,38.9122608,-105.04589
caniceps,354707061,38.9122608,-105.04589
caniceps,354707061,38.9122608,-105.04589
caniceps,354739791,39.860061,-105.44741
caniceps,354739791,39.860061,-105.44741
caniceps,354739791,39.860061,-105.44741
caniceps,354898621,39.894422,-105.50078
caniceps,354898621,39.894422,-105.50078
caniceps,354898621,39.894422,-105.50078
hyemalis,355249381,42.6371609,-73.167255
caniceps,355428001,36.3124797,-115.62128
caniceps,355428001,36.3124797,-115.62128
caniceps,355428001,36.3124797,-115.62128
caniceps,355720761,39.9579448,-105.33857
caniceps,355720761,39.9579448,-105.33857
caniceps,355720761,39.9579448,-105.33857
caniceps,355828391,41.2546731,-105.42193
caniceps,355828391,41.2546731,-105.42193
hyemalis,356381401,41.386075,-79.219291
hyemalis,356381401,41.386075,-79.219291
hyemalis,356381401,41.386075,-79.219291
mearnsi,356931161,43.7734394,-110.7387124
oreganus,358590881,49.8807853,-119.14784
oreganus,358590881,49.8807853,-119.14784
oreganus,358590881,49.8807853,-119.14784
hyemalis,362336661,44.2993979,-71.337199
hyemalis,362336661,44.2993979,-71.337199
hyemalis,362336711,44.2993979,-71.337199
oreganus,362525801,38.5171126,-122.86079
oreganus,362525801,38.5171126,-122.86079
oreganus,362525801,38.5171126,-122.86079
caniceps,364409381,40.3626997,-105.53308
caniceps,364409381,40.3626997,-105.53308
oreganus,365100351,38.5701797,-122.69098
oreganus,365100351,38.5701797,-122.69098
oreganus,365100351,38.5701797,-122.69098
mearnsi,431610001,43.610009,-111.091354
mearnsi,431610001,43.610009,-111.091354
mearnsi,431610001,43.610009,-111.091354
mearnsi,432111991,34.300763,-110.887389
mearnsi,432111991,34.300763,-110.887389
mearnsi,432111991,34.300763,-110.887389
dorsalis,445856291,34.3442535,-111.0158856
dorsalis,445856291,34.3442535,-111.0158856
aikeni,460066721,43.802474,-103.434856
aikeni,460066721,43.802474,-103.434856
aikeni,460066741,43.802474,-103.434856
aikeni,460066741,43.802474,-103.434856
mearnsi,460518511,43.573489,-111.184782
mearnsi,460518511,43.573489,-111.184782
mearnsi,468823501,45.5106837,-111.0651212
mearnsi,468823501,45.5106837,-111.0651212
dorsalis,475359181,34.3244945,-111.0927415
dorsalis,475359181,34.3244945,-111.0927415
aikeni,517696731,43.90999,-104.01731
aikeni,517696731,43.90999,-104.01731
aikeni,517696731,43.90999,-104.01731
aikeni,517696821,43.90999,-104.01731
aikeni,517696821,43.90999,-104.01731
aikeni,517696821,43.90999,-104.01731
dorsalis,525745761,33.8727806,-110.9745837
dorsalis,525745761,33.8727806,-110.9745837
dorsalis,525745761,33.8727806,-110.9745837
dorsalis,533364041,32.806404,-105.730177
dorsalis,533364041,32.806404,-105.730177
dorsalis,533364041,32.806404,-105.730177
dorsalis,533369911,32.9556833,-108.1734681
dorsalis,533369911,32.9556833,-108.1734681
dorsalis,533369911,32.9556833,-108.1734681
dorsalis,535544441,32.5838855,-108.4285784
dorsalis,535544441,32.5838855,-108.4285784
dorsalis,535544441,32.5838855,-108.4285784
dorsalis,535553701,32.5838855,-108.4285784
dorsalis,535553701,32.5838855,-108.4285784
dorsalis,535553701,32.5838855,-108.4285784
aikeni,564072341,43.793977,-103.589545
aikeni,564072341,43.793977,-103.589545
dorsalis,579653131,31.9249966,-104.8395001
dorsalis,579653131,31.9249966,-104.8395001
dorsalis,579653131,31.9249966,-104.8395001
aikeni,582063401,43.8463267,-103.5596875
aikeni,582063401,43.8463267,-103.5596875
dorsalis,585155331,34.4985413,-112.5405319
dorsalis,585155331,34.4985413,-112.5405319
dorsalis,585155331,34.4985413,-112.5405319
aikeni,594918151,43.8463267,-103.5596875
aikeni,594918151,43.8463267,-103.5596875
aikeni,594918151,43.8463267,-103.5596875
aikeni,594923261,43.8463267,-103.5596875
aikeni,594923261,43.8463267,-103.5596875
aikeni,594923261,43.8463267,-103.5596875
mearnsi,594965301,45.5396095,-111.0957013
mearnsi,594965301,45.5396095,-111.0957013
mearnsi,594965301,45.5396095,-111.0957013
aikeni,595480891,44.2306386,-103.4746352
aikeni,595480891,44.2306386,-103.4746352
aikeni,595480891,44.2306386,-103.4746352
aikeni,603062561,44.3328641,-103.8423694
aikeni,603062561,44.3328641,-103.8423694
aikeni,610671849,43.8779123,-103.4555054